{
    "kyber_encap": [
        3.7481999997908133,
        3.1019000007290742,
        3.265299999839044,
        2.8539000004457193,
        3.169300000081421,
        2.8105999999752385,
        2.776100000119186,
        4.04900000012276,
        3.5267999992356636,
        3.003599999829021
    ],
    "kdf_derivation": [
        0.012199999218864832,
        0.013900000340072438,
        0.012000000424450263,
        0.007699999514443334,
        0.009999999747378752,
        0.008600000001024455,
        0.009399999726156238,
        0.014000000192027073,
        0.009199999112752266,
        0.009499999578110874
    ],
    "chacha_encrypt": [
        0.054999999520077836,
        0.06750000011379598,
        0.039599999581696466,
        0.030500000320898835,
        0.03889999970851932,
        0.030499999411404133,
        0.027099999897473026,
        0.0549000005776179,
        0.03600000036385609,
        0.036100000215810724
    ],
    "packet_mac": [
        0.023100000362319406,
        0.02680000034160912,
        0.01739999970595818,
        0.015999999959603883,
        0.01759999940986745,
        0.016799999684735667,
        0.015199999324977398,
        0.02949999998236308,
        0.018200000340584666,
        0.018700000509852543
    ],
    "total_device_latency": [
        3.8430000004154863,
        3.216000000065833,
        3.3385000006092014,
        2.911399999902642,
        3.23969999953988,
        2.870700000130455,
        2.8307000002314453,
        4.153699999733362,
        3.594100000555045,
        3.0713999994986807
    ]
}