{
    "kyber_encap": [
        5.262400009087287,
        5.845100007718429,
        5.122000002302229,
        3.290400010882877,
        2.785699995001778,
        3.4373000089544803,
        2.8313000075286254,
        2.61730000784155,
        2.891500000259839,
        2.754000001004897
    ],
    "kdf_derivation": [
        0.011900003300979733,
        0.01410000550094992,
        0.017700003809295595,
        0.008899995009414852,
        0.010899995686486363,
        0.011299998732283711,
        0.007599999662488699,
        0.006800008122809231,
        0.008800008799880743,
        0.010499992640689015
    ],
    "chacha_encrypt": [
        0.04769999941345304,
        0.08630000229459256,
        0.060699996538460255,
        0.036600002204068005,
        0.03759999526664615,
        0.0501000031363219,
        0.031100003980100155,
        0.021800005924887955,
        0.03260000084992498,
        0.0391000066883862
    ],
    "packet_mac": [
        0.027000001864507794,
        0.030399998649954796,
        0.02819999644998461,
        0.01720000000204891,
        0.018799997633323073,
        0.02479999966453761,
        0.016000005416572094,
        0.013299999409355223,
        0.018699996871873736,
        0.031400006264448166
    ],
    "total_device_latency": [
        5.354400011128746,
        5.98270000773482,
        5.236200013314374,
        3.357599998707883,
        2.8575000033015385,
        3.528599991113879,
        2.889399998821318,
        2.6621999859344214,
        2.95580000965856,
        2.8399000002536923
    ]
}