{
    "kyber_encap": [
        1.615791999938665,
        1.5668329997424735,
        1.6039999991335208,
        1.5676249986427138,
        1.6367919997719582,
        1.6612920007901266,
        1.7223750000994187,
        1.8799170011334354,
        1.5767500008223578,
        1.5774169987707864
    ],
    "kdf_derivation": [
        0.003541999831213616,
        0.002041999323409982,
        0.0019170001905877143,
        0.001708000127109699,
        0.0027500009309733286,
        0.0022500007617054507,
        0.0020410006982274354,
        0.0032080006349133328,
        0.0023329994291998446,
        0.0018749997252598405
    ],
    "chacha_encrypt": [
        0.02408299951639492,
        0.00941600046644453,
        0.007208000170066953,
        0.00650000038149301,
        0.012749998859362677,
        0.01045800127030816,
        0.009708999641588889,
        0.016291998690576293,
        0.009208000847138464,
        0.0057920005929190665
    ],
    "packet_mac": [
        0.008167000487446785,
        0.004124998667975888,
        0.0037909994716756046,
        0.0035829998523695394,
        0.005583999154623598,
        0.005166999471839517,
        0.004833000275539234,
        0.006083999323891476,
        0.004499999704421498,
        0.003667000783025287
    ],
    "total_device_latency": [
        1.6529580007045297,
        1.583167000717367,
        1.6176669996639248,
        1.580124999236432,
        1.6589580009167548,
        1.6801250003481982,
        1.739708000968676,
        1.9069169993599644,
        1.5938329997879919,
        1.5896669992798707
    ]
}