{
    "kyber_encap": [
        2.9898000066168606,
        3.523100007441826,
        2.7258000045549124,
        2.7990000089630485,
        2.965299994684756,
        2.6032000023406,
        2.7600000030361116,
        2.882899992982857,
        2.9525999998440966,
        2.7992999966954812
    ],
    "kdf_derivation": [
        0.0092999980552122,
        0.009800001862458885,
        0.007299997378140688,
        0.006000002031214535,
        0.005800000508315861,
        0.0042000028770416975,
        0.005699999746866524,
        0.01200000406242907,
        0.013199998647905886,
        0.004799992893822491
    ],
    "chacha_encrypt": [
        0.0357000099029392,
        0.06769999163225293,
        0.03499999002087861,
        0.028799986466765404,
        0.019400002202019095,
        0.012299991794861853,
        0.03159999323543161,
        0.05220000457484275,
        0.052700008382089436,
        0.015600002370774746
    ],
    "packet_mac": [
        0.01780000457074493,
        0.02099999983329326,
        0.015300000086426735,
        0.014500008546747267,
        0.012999997125007212,
        0.01060000795405358,
        0.02750000567175448,
        0.017400001524947584,
        0.01789999078027904,
        0.016399993910454214
    ],
    "total_device_latency": [
        3.0565000051865354,
        3.6515999963739887,
        2.786600001854822,
        2.851100012776442,
        3.0064000020502135,
        2.6322999910917133,
        2.827500007697381,
        2.9691999952774495,
        3.0427000019699335,
        2.838300002622418
    ]
}