{
    "kyber_encap": [
        1.6456250014016405,
        1.589125007740222,
        1.5483750030398369,
        1.5619579935446382,
        1.5682919911341742,
        1.6570000007050112,
        1.5519580047111958,
        1.5682500088587403,
        1.5473330131499097,
        1.6102080116979778
    ],
    "kdf_derivation": [
        0.0038339931052178144,
        0.0020000006770715117,
        0.0018330028979107738,
        0.0016669946489855647,
        0.0015830009942874312,
        0.0020000006770715117,
        0.0016669946489855647,
        0.0015840050764381886,
        0.001624997821636498,
        0.0015829864423722029
    ],
    "chacha_encrypt": [
        0.029417002224363387,
        0.009000010322779417,
        0.0061250029830262065,
        0.005541995051316917,
        0.006375004886649549,
        0.007708003977313638,
        0.0057919969549402595,
        0.0056249991757795215,
        0.005084002623334527,
        0.005249996320344508
    ],
    "packet_mac": [
        0.008874994819052517,
        0.004292000085115433,
        0.003707988071255386,
        0.0034999975468963385,
        0.003374996595084667,
        0.003957989974878728,
        0.003416993422433734,
        0.003249995643272996,
        0.003207998815923929,
        0.003249995643272996
    ],
    "total_device_latency": [
        1.6890410042833537,
        1.6053750005085021,
        1.5608749963575974,
        1.5734589978819713,
        1.5804160066181794,
        1.6715420060791075,
        1.5635419986210763,
        1.5794580103829503,
        1.558083007694222,
        1.6210830071941018
    ]
}