{
    "kyber_encap": [
        2.6894000002357643,
        2.58889999895473,
        2.732199998717988,
        2.8619000004255213,
        2.834999999322463,
        2.7029999982914887,
        2.6427999982843176,
        2.977299998747185,
        2.5781000003917143,
        2.7936000005865935
    ],
    "kdf_derivation": [
        0.008200000593205914,
        0.005699999746866524,
        0.007800001185387373,
        0.015099998563528061,
        0.042100000428035855,
        0.005099998816149309,
        0.006000002031214535,
        0.008200000593205914,
        0.005099998816149309,
        0.00969999746303074
    ],
    "chacha_encrypt": [
        0.03389999983482994,
        0.019600000086938962,
        0.02599999788799323,
        0.060900001699337736,
        0.040400002035312355,
        0.015400000847876072,
        0.01880000127130188,
        0.030300001526484266,
        0.014400000509340316,
        0.03610000203480013
    ],
    "packet_mac": [
        0.017700000171316788,
        0.014199998986441642,
        0.018200000340584666,
        0.03600000127335079,
        0.02429999949526973,
        0.015400000847876072,
        0.013599998055724427,
        0.016599999071331695,
        0.0121000011858996,
        0.028399997972883284
    ],
    "total_device_latency": [
        2.752399999735644,
        2.631299998029135,
        2.7874999977939297,
        2.9806999991706107,
        2.9477999996743165,
        2.7412000017648097,
        2.684300001419615,
        3.0359999982465524,
        2.6120999973500147,
        2.871600001526531
    ]
}