{
    "kyber_encap": [
        2.957999997306615,
        2.6600000128382817,
        2.814000006765127,
        3.6269999982323498,
        2.6089000020874664,
        2.7209000108996406,
        3.059499998926185,
        2.568800002336502,
        3.042199998162687,
        3.6220999900251627
    ],
    "kdf_derivation": [
        0.00859999272506684,
        0.007399998139590025,
        0.00790000194683671,
        0.009300012607127428,
        0.008799994247965515,
        0.009099996532313526,
        0.008799994247965515,
        0.006099988240748644,
        0.01409999094903469,
        0.009399998816661537
    ],
    "chacha_encrypt": [
        0.0577000027988106,
        0.03170000854879618,
        0.02990000939462334,
        0.03519999154377729,
        0.029799994081258774,
        0.03060000017285347,
        0.03169999399688095,
        0.017400001524947584,
        0.050000002374872565,
        0.034899989259429276
    ],
    "packet_mac": [
        0.019899991457350552,
        0.014299992471933365,
        0.016000005416572094,
        0.01780000457074493,
        0.016000005416572094,
        0.01580000389367342,
        0.016299993149004877,
        0.012799995602108538,
        0.02549999044276774,
        0.031200004741549492
    ],
    "total_device_latency": [
        3.0484000017168,
        2.716799994232133,
        2.8711000049952418,
        3.6933000083081424,
        2.6673000102164224,
        2.7800000098068267,
        3.1199999939417467,
        2.607500005979091,
        3.1376999977510422,
        3.7020000017946586
    ]
}