{
    "kyber_encap": [
        18.91514700002972,
        4.479187000015372,
        8.469597999919642,
        9.843623000051593,
        16.62383299992598,
        4.256116999954429,
        13.178672000094593,
        32.05242300009559,
        9.84818400002041,
        5.274646999964716
    ],
    "kdf_derivation": [
        0.043476999962877017,
        0.01657100006013934,
        0.01563800003623328,
        0.01865500007625087,
        0.02622699992116395,
        0.01384899996992317,
        0.013909000017520157,
        0.0163249999332038,
        0.01743899997563858,
        0.01479499997003586
    ],
    "chacha_encrypt": [
        15.585127999997894,
        0.06700500000533793,
        0.07044700009828375,
        0.05631600004107895,
        0.12929599995459284,
        0.07268000001658947,
        0.06307199998900614,
        0.7266860000072484,
        0.08912900000268564,
        0.06709100000534818
    ],
    "packet_mac": [
        0.13581099995008117,
        0.027455000008558272,
        0.024172000053113152,
        0.024657000039951527,
        0.048160999995161546,
        0.02612499997667328,
        0.024833999987095012,
        0.03923900010249781,
        0.03157100002226798,
        0.022674999968330667
    ],
    "total_device_latency": [
        34.70814800004973,
        4.597397000111414,
        8.58894699990742,
        9.951308999916364,
        16.841854999938732,
        4.377522999902794,
        13.28716400007579,
        32.845250000036685,
        9.997591999990618,
        5.387187999986054
    ]
}