{
    "kyber_encap": [
        2.8652000000874978,
        2.7123999998366344,
        2.8081000000383938,
        3.1249000003299443,
        2.947899999526271,
        3.799099999923783,
        2.6894000002357643,
        3.5600999999587657,
        3.7689999999201973,
        3.0678000002808403
    ],
    "kdf_derivation": [
        0.013700000636163168,
        0.010100000508828089,
        0.01049999991664663,
        0.01359999987471383,
        0.011099999937869143,
        0.01249999968422344,
        0.009200000022246968,
        0.017999999727180693,
        0.012999999853491317,
        0.012200000128359534
    ],
    "chacha_encrypt": [
        1.6464000000269152,
        0.03719999949680641,
        0.037400000110210385,
        0.04509999962465372,
        0.042100000428035855,
        0.038500000300700776,
        0.024599999960628338,
        0.054400000408350024,
        0.045900000259280205,
        0.044100000195612665
    ],
    "packet_mac": [
        0.05069999951956561,
        0.019099999917671084,
        0.019500000234984327,
        0.025599999389669392,
        0.021099999685247894,
        0.021300000298651867,
        0.019600000086938962,
        0.030899999728717376,
        0.025800000003073364,
        0.01880000036180718
    ],
    "total_device_latency": [
        4.5833000003767665,
        2.7827999992950936,
        2.879399999983434,
        3.213799999684852,
        3.0264000006354763,
        3.875700000207871,
        2.7462999996714643,
        3.669400000035239,
        3.8596999993387726,
        3.1485999998039915
    ]
}