{
    "kyber_encap": [
        2.6717999990069075,
        2.7466999999887776,
        2.6425999985804083,
        2.593499999420601,
        3.822599999693921,
        2.6853999988816213,
        2.7424999989307253,
        2.6502999990043463,
        2.610800000184099,
        2.8020999998261686
    ],
    "kdf_derivation": [
        0.010800000382005237,
        0.012700000297627412,
        0.008600000001024455,
        0.004999999873689376,
        0.009199999112752266,
        0.007099999493220821,
        0.007700000423938036,
        0.007700000423938036,
        0.006399999620043673,
        0.009199999112752266
    ],
    "chacha_encrypt": [
        0.0667000003886642,
        0.05669999882229604,
        0.04389999958220869,
        0.024300001314259134,
        0.03789999936998356,
        0.036100000215810724,
        0.031600000511389226,
        0.03370000013092067,
        0.023099999452824704,
        0.03839999953925144
    ],
    "packet_mac": [
        0.024200000552809797,
        0.017600001228856854,
        0.017700000171316788,
        0.012600001355167478,
        0.017899999875226058,
        0.01579999843670521,
        0.01669999983278103,
        0.019699999029398896,
        0.01449999945180025,
        0.021600000764010474
    ],
    "total_device_latency": [
        2.778300000500167,
        2.840299999661511,
        2.7168000015080906,
        2.638199999637436,
        3.8930000009713694,
        2.747599999565864,
        2.8020000008837087,
        2.714899999773479,
        2.6579999994282844,
        2.8752999987773364
    ]
}