{
    "kyber_encap": [
        3.120000008493662,
        2.9009000136284158,
        2.9144000000087544,
        2.984999999171123,
        4.306899994844571,
        2.885099995182827,
        2.7480000135255978,
        2.5744000013219193,
        2.837099993485026,
        3.1679000094300136
    ],
    "kdf_derivation": [
        0.009199997293762863,
        0.009399998816661537,
        0.011900003300979733,
        0.010400006431154907,
        0.008999995770864189,
        0.008499991963617504,
        0.020099992980249226,
        0.006100002792663872,
        0.008300004992634058,
        0.00790000194683671
    ],
    "chacha_encrypt": [
        0.03999999898951501,
        0.08530000923201442,
        0.049700000090524554,
        0.037999998312443495,
        0.042800005758181214,
        0.03220001235604286,
        0.027600006433203816,
        0.021500003640539944,
        0.029600007110275328,
        0.03229999856557697
    ],
    "packet_mac": [
        0.02059999678749591,
        0.03780001134146005,
        0.022599997464567423,
        0.01720000000204891,
        0.024900000425986946,
        0.016600009985268116,
        0.015600002370774746,
        0.013700002455152571,
        0.016000005416572094,
        0.01649999467190355
    ],
    "total_device_latency": [
        3.1946000090101734,
        3.0390999891096726,
        3.002800003741868,
        3.0544000037480146,
        4.388499990454875,
        2.9461999947670847,
        2.8150999860372394,
        2.6187000039499253,
        2.8947999962838367,
        3.2282999891322106
    ]
}