{
    "kyber_encap": [
        2.623200009111315,
        2.9590000049211085,
        2.5817999994615093,
        2.5602999958209693,
        2.5400000013178214,
        2.591500000562519,
        2.5477000017417595,
        3.2767999946372584,
        2.5569000135874376,
        2.614600001834333
    ],
    "kdf_derivation": [
        0.006999995093792677,
        0.008799994247965515,
        0.0045000051613897085,
        0.00449999060947448,
        0.0042000028770416975,
        0.00549999822396785,
        0.004199988325126469,
        0.008400005754083395,
        0.0047000066842883825,
        0.00449999060947448
    ],
    "chacha_encrypt": [
        0.03139999171253294,
        0.041799998143687844,
        0.011800002539530396,
        0.01200000406242907,
        0.011099997209385037,
        0.016999998479150236,
        0.01170000177808106,
        0.03159999323543161,
        0.013199998647905886,
        0.012999997125007212
    ],
    "packet_mac": [
        0.015700003132224083,
        0.016999998479150236,
        0.010599993402138352,
        0.010399991879239678,
        0.010099989594891667,
        0.01239999255631119,
        0.010599993402138352,
        0.015900004655122757,
        0.011500000255182385,
        0.014899997040629387
    ],
    "total_device_latency": [
        2.6803000073414296,
        3.0310000001918525,
        2.6107000012416393,
        2.589399999123998,
        2.5673999916762114,
        2.628499991260469,
        2.576200000476092,
        3.336900001158938,
        2.588799994555302,
        2.6492000033613294
    ]
}