{
    "kyber_encap": [
        1.6319579881383106,
        1.554083006340079,
        1.495415999670513,
        1.5444580058101565,
        1.5762919938424602,
        1.6150419978657737,
        1.5542080072918907,
        1.5563329943688586,
        1.6445420042145997,
        1.5202500071609393
    ],
    "kdf_derivation": [
        0.00316700607072562,
        0.0018749997252598405,
        0.0017499987734481692,
        0.0017090060282498598,
        0.0017080019460991025,
        0.0017080019460991025,
        0.0018330028979107738,
        0.0022500025806948543,
        0.00270901364274323,
        0.0019170111045241356
    ],
    "chacha_encrypt": [
        0.025250003091059625,
        0.008249990059994161,
        0.005875001079402864,
        0.0057919969549402595,
        0.005583991878665984,
        0.005833004252053797,
        0.00549999822396785,
        0.0071250105975195765,
        0.011666008504107594,
        0.006832997314631939
    ],
    "packet_mac": [
        0.008792005246505141,
        0.004125002305954695,
        0.0037080026231706142,
        0.0035829871194437146,
        0.0034580007195472717,
        0.003374996595084667,
        0.0034589902497828007,
        0.004582994733937085,
        0.005416994099505246,
        0.0040000013541430235
    ],
    "total_device_latency": [
        1.670334007940255,
        1.5690839936723933,
        1.5074580005602911,
        1.5562500047963113,
        1.587791004567407,
        1.6266669990727678,
        1.5656250034226105,
        1.5710830048192292,
        1.665500007220544,
        1.533749993541278
    ]
}