{
    "kyber_encap": [
        1.6127089911606163,
        1.5336670039687306,
        1.6293750086333603,
        1.5713750035502017,
        1.5187920071184635,
        1.5374580107163638,
        1.5288750000763685,
        1.5717920032329857,
        1.5045000181999058,
        1.5522500034421682
    ],
    "kdf_derivation": [
        0.00300002284348011,
        0.0019590079318732023,
        0.002707995008677244,
        0.0017499842215329409,
        0.0017500133253633976,
        0.0016249832697212696,
        0.0016659905668348074,
        0.0015829864423722029,
        0.0016250123735517263,
        0.001541979145258665
    ],
    "chacha_encrypt": [
        0.02258300082758069,
        0.007708003977313638,
        0.012667005648836493,
        0.006500020390376449,
        0.005709007382392883,
        0.005417008651420474,
        0.005458015948534012,
        0.005375011824071407,
        0.004917004844173789,
        0.005459005478769541
    ],
    "packet_mac": [
        0.008292001439258456,
        0.0041669991333037615,
        0.005874986527487636,
        0.004083005478605628,
        0.0034999975468963385,
        0.0032919924706220627,
        0.0034580007195472717,
        0.003249995643272996,
        0.0032500247471034527,
        0.003249995643272996
    ],
    "total_device_latency": [
        1.6479589976370335,
        1.5482919989153743,
        1.6517079784534872,
        1.5845409943722188,
        1.5305830165743828,
        1.5485000039916486,
        1.5399999974761158,
        1.5826660091988742,
        1.5150420076679438,
        1.5632080030627549
    ]
}