{
    "kyber_encap": [
        2.7401999996072846,
        3.0126000001473585,
        3.158000001349137,
        4.135699999096687,
        4.58969999999681,
        10.163900000407011,
        4.83410000015283,
        3.4142999993491685,
        2.8609999990294455,
        6.770300000425777
    ],
    "kdf_derivation": [
        0.013799999578623101,
        0.014200000805431046,
        0.025100000129896216,
        0.02750000021478627,
        0.026599998818710446,
        0.021300000298651867,
        0.04459999945538584,
        0.014700000974698924,
        0.017300000763498247,
        0.015300000086426735
    ],
    "chacha_encrypt": [
        1.2758000011672266,
        0.06400000165740494,
        0.08479999996779952,
        0.08230000094044954,
        0.09189999946102034,
        0.07410000034724362,
        0.16909999976633117,
        0.045700000555370934,
        0.2195999986724928,
        0.06070000017643906
    ],
    "packet_mac": [
        0.03990000004705507,
        0.02789999962260481,
        0.039399999877787195,
        0.035200000638724305,
        0.05120000059832819,
        0.03680000008898787,
        0.08720000005268957,
        0.02469999890308827,
        0.04290000106266234,
        0.022500000341096893
    ],
    "total_device_latency": [
        4.076200000781682,
        3.1238000010489486,
        3.31469999946421,
        4.289499998776591,
        4.770099998495425,
        10.304200000973651,
        5.1522999983717455,
        3.5040000002481975,
        3.151500000967644,
        6.8750000009458745
    ]
}