{
    "morton_encode": [
        0.19019999308511615,
        0.1849000109359622,
        0.27099999715574086,
        0.19770000653807074,
        0.34169999707955867,
        0.35180000122636557,
        0.7041000062599778,
        0.20450000010896474,
        0.1939999929163605,
        0.18599999020807445
    ],
    "chaos_iteration": [
        0.020399995264597237,
        0.02400000812485814,
        0.03190001007169485,
        0.02720000338740647,
        0.02720000338740647,
        0.027399990358389914,
        0.02479999966453761,
        0.02849999873433262,
        0.021200001356191933,
        0.03189999551977962
    ],
    "mlwe_encrypt": [
        4.482999996980652,
        3.223699997761287,
        3.7951999984215945,
        4.080500002601184,
        5.778399994596839,
        4.9657999916234985,
        4.531900005531497,
        4.753300003358163,
        3.4182999952463433,
        4.793100000824779
    ],
    "total_device_latency": [
        4.698599994299002,
        3.436000013607554,
        4.104100007680245,
        4.310400006943382,
        6.153499998617917,
        5.3512999875238165,
        5.26779999199789,
        4.991800000425428,
        3.6370000016177073,
        5.013999994844198
    ]
}