{
    "kyber_encap": [
        1.5412500069942325,
        1.597915994352661,
        1.6650830075377598,
        1.6023329953895882,
        1.6030000115279108,
        1.694499995210208,
        1.6240410041064024,
        1.5793329948792234,
        1.5731670137029141,
        1.7482080002082512
    ],
    "aes_gcm_encrypt": [
        0.02429200685583055,
        0.008917006198316813,
        0.014042001566849649,
        0.006791990017518401,
        0.005707988748326898,
        0.012999997125007212,
        0.006624992238357663,
        0.006874994141981006,
        0.005292007699608803,
        0.01204099680762738
    ],
    "total_device_latency": [
        1.5663329977542162,
        1.6075000021373853,
        1.680000001215376,
        1.6096249892143533,
        1.6092920122900978,
        1.7082919948734343,
        1.6311669896822423,
        1.5869999915594235,
        1.579040996148251,
        1.7609170026844367
    ]
}