{
    "morton_encode": [
        0.1204590080305934,
        0.13066700194031,
        0.13866700464859605,
        0.12262500240467489,
        0.1296660047955811,
        0.1259580021724105,
        0.16645800496917218,
        0.13229099567979574,
        0.13104200479574502,
        0.13579099322669208
    ],
    "chaos_iteration": [
        0.007417009328491986,
        0.0037080026231706142,
        0.0067920045694336295,
        0.004999994416721165,
        0.0027919886633753777,
        0.005084002623334527,
        0.0034580007195472717,
        0.004375004209578037,
        0.0026249908842146397,
        0.004792003892362118
    ],
    "mlwe_encrypt": [
        1.7063749983208254,
        1.8054579995805398,
        1.8864169978769496,
        1.6904170042835176,
        1.8116659921361133,
        1.94433300930541,
        1.9370840018382296,
        1.7329169932054356,
        1.7776250024326146,
        1.7699579912004992
    ],
    "total_device_latency": [
        1.8350829923292622,
        1.9405409984756261,
        2.0331659907242283,
        1.8185420049121603,
        1.9453339918982238,
        2.0760000043082982,
        2.107749998685904,
        1.8705419934121892,
        1.9121249933959916,
        1.9111659930786118
    ]
}