{
    "kyber_encap": [
        2.7229999977862462,
        2.9365999944275245,
        3.162599998177029,
        4.616400008671917,
        2.831799996783957,
        2.770899998722598,
        2.803499999572523,
        3.2404000085080042,
        3.243400002247654,
        2.8956999885849655
    ],
    "aes_gcm_encrypt": [
        0.04060000355821103,
        0.04410000110510737,
        0.05919999966863543,
        0.03840000135824084,
        0.03640000068116933,
        0.03819999983534217,
        0.04949999856762588,
        0.056500008213333786,
        0.03999999898951501,
        0.040099999750964344
    ],
    "total_device_latency": [
        2.7667999966070056,
        2.9840000061085448,
        3.2282000029226765,
        4.65809999150224,
        2.8714000072795898,
        2.8122000076109543,
        2.85730000177864,
        3.3013999927788973,
        3.2863000087672845,
        2.9379999905359
    ]
}