{
    "kyber_encap": [
        2.896099991630763,
        2.559800006565638,
        2.5745000020833686,
        2.538600005209446,
        2.592200005892664,
        2.606999987619929,
        2.985999992233701,
        2.8251999901840463,
        2.957600008812733,
        2.5760999997146428
    ],
    "aes_gcm_encrypt": [
        0.03440000000409782,
        0.038300000596791506,
        0.01649999467190355,
        0.012599994079209864,
        0.02230000973213464,
        0.01649999467190355,
        0.03619999915827066,
        0.030800001695752144,
        0.02989999484270811,
        0.015199999324977398
    ],
    "total_device_latency": [
        2.9334999999264255,
        2.5999999925261363,
        2.5926999951479957,
        2.5526000099489465,
        2.6163000002270564,
        2.625099994475022,
        3.0247999966377392,
        2.8590000001713634,
        2.9898000066168606,
        2.5923000066541135
    ]
}