{
    "morton_encode": [
        0.18510000154492445,
        0.21439999909489416,
        0.18700000146054663,
        0.18450000061420724,
        0.1830000001064036,
        0.1923000017995946,
        0.20809999841731042,
        0.18689999706111848,
        0.18450000061420724,
        0.1847000021371059
    ],
    "chaos_iteration": [
        0.017000002117129043,
        0.028899998142151162,
        0.0213999992411118,
        0.021100000594742596,
        0.0168999977177009,
        0.015699999494245276,
        0.02220000169472769,
        0.022099997295299545,
        0.014000001101521775,
        0.01669999983278103
    ],
    "mlwe_encrypt": [
        2.9539000024669804,
        3.8014999990991782,
        3.0876999990141485,
        3.344100001413608,
        2.9608000004373025,
        3.06319999799598,
        3.208699999959208,
        2.9877999986638315,
        3.0384000019694213,
        3.058899997995468
    ],
    "total_device_latency": [
        3.1587000012223143,
        4.048700000566896,
        3.2984000026772264,
        3.5518000004231,
        3.1626999989384785,
        3.2741000031819567,
        3.4417999995639548,
        3.1984999986889306,
        3.2395999987784307,
        3.2625999992887955
    ]
}