{
    "kyber_encap": [
        2.7401000006648246,
        2.6158000000577886,
        2.833500002452638,
        2.8491999983089045,
        2.662599999894155,
        2.594500001578126,
        2.62020000081975,
        2.6208000017504673,
        3.0838000020594336,
        3.1534000008832663
    ],
    "aes_gcm_encrypt": [
        0.03559999822755344,
        0.023100001271814108,
        0.047199999244185165,
        0.03529999958118424,
        0.02380000296398066,
        0.01750000228639692,
        0.028100002964492887,
        0.023300002794712782,
        0.05370000144466758,
        0.04229999831295572
    ],
    "total_device_latency": [
        2.7777000032074284,
        2.640299997437978,
        2.8840000013587996,
        2.886999998736428,
        2.68819999837433,
        2.613600001495797,
        2.650100002938416,
        2.645900000061374,
        3.141700002743164,
        3.1984999986889306
    ]
}