{
    "morton_encode": [
        0.18950000230688602,
        0.18679999629966915,
        0.182100004167296,
        0.1838999887695536,
        0.18430000636726618,
        0.18449999333824962,
        0.19489999976940453,
        0.33150000672321767,
        0.22539999918080866,
        0.18339999951422215
    ],
    "chaos_iteration": [
        0.02269999822601676,
        0.02469999890308827,
        0.02479999966453761,
        0.020499996026046574,
        0.0261999957729131,
        0.02160000440198928,
        0.01820000761654228,
        0.029999995604157448,
        0.029300004825927317,
        0.03399999695830047
    ],
    "mlwe_encrypt": [
        3.1787000043550506,
        3.184900007909164,
        3.882999997586012,
        4.1332999971928075,
        3.308100000140257,
        3.0195000144885853,
        3.886399994371459,
        3.2556999940425158,
        3.4845999907702208,
        3.264700004365295
    ],
    "total_device_latency": [
        3.396000000066124,
        3.400300003704615,
        4.0942000050563365,
        4.342400003224611,
        3.5238999989815056,
        3.228300003684126,
        4.104499996174127,
        3.6225000076228753,
        3.7431999953696504,
        3.4845000045606866
    ]
}