{
    "kyber_encap": [
        1.7280410011153435,
        5.535209000299801,
        1.6601249990344513,
        1.6554159992665518,
        1.7176250003103632,
        1.6504590003023623,
        1.5591249994031386,
        1.6535830000066198,
        1.639791998968576,
        1.6042910010583
    ],
    "aes_gcm_encrypt": [
        0.03141699926345609,
        0.03491600000415929,
        0.014332999853650108,
        0.011666999853332527,
        0.013750001016887836,
        0.007708998964517377,
        0.006166999810375273,
        0.010042000212706625,
        0.007459000698872842,
        0.006207999831531197
    ],
    "total_device_latency": [
        1.7609579990676139,
        5.57216699962737,
        1.675290999628487,
        1.6677090006851358,
        1.7324170003121253,
        1.6587919999437872,
        1.5658329994039377,
        1.6651659989292966,
        1.6479589994560229,
        1.6109589996631257
    ]
}