{
    "kyber_encap": [
        2.7208000101381913,
        3.434500002185814,
        3.6069000052521005,
        3.8133999914862216,
        2.8224000125192106,
        3.2506000134162605,
        2.95880000339821,
        2.992400011862628,
        2.889300012611784,
        2.7802999975392595
    ],
    "aes_gcm_encrypt": [
        0.04190001345705241,
        0.04270000499673188,
        0.04199999966658652,
        0.07700000423938036,
        0.04990000161342323,
        0.04889999399892986,
        0.045900000259280205,
        0.0408000050811097,
        0.04579999949783087,
        0.04389999958220869
    ],
    "total_device_latency": [
        2.765600002021529,
        3.481299994746223,
        3.6530999932438135,
        3.8955999916652218,
        2.8763000009348616,
        3.303999998024665,
        3.008700005011633,
        3.037099988432601,
        2.9383999935816973,
        2.8268000023672357
    ]
}