{
    "kyber_encap": [
        2.662300001247786,
        2.7658000035444275,
        2.8922000055899844,
        2.701999997952953,
        2.6871000009123236,
        2.6006999978562817,
        2.616700003272854,
        2.87499999103602,
        2.8258999955141917,
        2.5719999975990504
    ],
    "aes_gcm_encrypt": [
        0.034199998481199145,
        0.05539999983739108,
        0.03749999450519681,
        0.032199997804127634,
        0.030800001695752144,
        0.019400002202019095,
        0.016999998479150236,
        0.03759999526664615,
        0.02680000034160912,
        0.014899997040629387
    ],
    "total_device_latency": [
        2.6991999911842868,
        2.824499999405816,
        2.9326000076252967,
        2.7369000017642975,
        2.7216000016778708,
        2.6217999984510243,
        2.635299999383278,
        2.916099998401478,
        2.8547000110847875,
        2.5880000030156225
    ]
}