{
    "kyber_encap": [
        1.7728749953676015,
        1.7939579993253574,
        2.69704099628143,
        1.62974999693688,
        1.8270830041728914,
        1.614499997231178,
        1.9764579919865355,
        1.8017499969573691,
        1.7955419898498803,
        1.5694579924456775
    ],
    "aes_gcm_encrypt": [
        0.028333990485407412,
        0.06262499664444476,
        0.02054200740531087,
        0.008208007784560323,
        0.010790987289510667,
        0.009832991054281592,
        0.05479200626723468,
        0.012916993000544608,
        0.011957992683164775,
        0.007541995728388429
    ],
    "total_device_latency": [
        1.8024589953711256,
        1.857916999142617,
        2.718332994845696,
        1.6385000053560361,
        1.8389159959042445,
        1.6249170002993196,
        2.034499993897043,
        1.8157500016968697,
        1.808417000574991,
        1.5773750055814162
    ]
}