{
    "kyber_encap": [
        1.6657080268487334,
        1.6181670071091503,
        1.5161249903030694,
        1.5457500121556222,
        1.5287089918274432,
        1.5131669933907688,
        1.55237500439398,
        1.5814589860383421,
        1.559249998535961,
        1.5107500075828284
    ],
    "aes_gcm_encrypt": [
        0.009665993275120854,
        0.00604201341047883,
        0.005417008651420474,
        0.005958019755780697,
        0.0045000051613897085,
        0.004583009285852313,
        0.004582980182021856,
        0.006167014362290502,
        0.005290989065542817,
        0.004917004844173789
    ],
    "total_device_latency": [
        1.6759579884819686,
        1.624791999347508,
        1.5220000059343874,
        1.5521250024903566,
        1.5336250071413815,
        1.518125005532056,
        1.5573749842587858,
        1.5882500156294554,
        1.5649579872842878,
        1.5159159956965595
    ]
}