{
    "morton_encode": [
        0.11566700413823128,
        0.1259580021724105,
        0.1227910106536001,
        0.11187500786036253,
        0.11187497875653207,
        0.10908397962339222,
        0.11029100278392434,
        0.11120899580419064,
        0.11116699897684157,
        0.11187497875653207
    ],
    "chaos_iteration": [
        0.004917004844173789,
        0.00300002284348011,
        0.00462500611320138,
        0.002667016815394163,
        0.0021250161807984114,
        0.002166023477911949,
        0.0021669839043170214,
        0.0034999975468963385,
        0.002249988028779626,
        0.0020840088836848736
    ],
    "mlwe_encrypt": [
        1.6982079832814634,
        1.768209011061117,
        1.6861250041984022,
        1.5959579905029386,
        1.6586249985266477,
        1.6988329880405217,
        1.641833019675687,
        1.628833997529,
        1.6812079993542284,
        1.7907090077642351
    ],
    "total_device_latency": [
        1.8195000011473894,
        1.8981250177603215,
        1.8141670152544975,
        1.711040997179225,
        1.773292024154216,
        1.8105829949490726,
        1.75483402563259,
        1.7441660165786743,
        1.7951249901670963,
        1.9050829869229347
    ]
}