{
    "morton_encode": [
        0.13183299961383455,
        0.12574999891512562,
        0.1253749996976694,
        0.12687500020547304,
        0.12425000022631139,
        0.12687500020547304,
        0.13712500003748573,
        0.12529100058600307,
        0.13266600035422016,
        0.13154100088286214
    ],
    "chaos_iteration": [
        0.011083000572398305,
        0.0052080013119848445,
        0.004042000000481494,
        0.0030409992177737877,
        0.002583999958005734,
        0.010832998668774962,
        0.00758399983169511,
        0.00587499926041346,
        0.005083000360173173,
        0.003583998477552086
    ],
    "mlwe_encrypt": [
        1.7664170009084046,
        1.7666670009930385,
        1.752791999024339,
        1.7785000000003492,
        3.282458999819937,
        1.9334589997015428,
        1.8665000006876653,
        1.837000001614797,
        1.8056250009976793,
        1.7281670006923378
    ],
    "total_device_latency": [
        1.9102090009255335,
        1.8982500005222391,
        1.8829170003300533,
        1.9090419991698582,
        3.410999999687192,
        2.072458000839106,
        2.012165999985882,
        1.9693750000442378,
        1.944334000654635,
        1.8638330002431758
    ]
}