{
    "morton_encode": [
        0.1880999916465953,
        0.21839998953510076,
        0.17949999892152846,
        0.1762999891070649,
        0.17630000365898013,
        0.18140001338906586,
        0.1841999910539016,
        0.18060000729747117,
        0.1762000028975308,
        0.1759999868227169
    ],
    "chaos_iteration": [
        0.019699989934451878,
        0.02340000355616212,
        0.01790000533219427,
        0.0092999980552122,
        0.009400013368576765,
        0.012800010154023767,
        0.018499995348975062,
        0.019700004486367106,
        0.010200004908256233,
        0.009199997293762863
    ],
    "mlwe_encrypt": [
        3.438700005062856,
        3.2669000065652654,
        2.932999996119179,
        3.003200006787665,
        2.992300011101179,
        3.332600012072362,
        3.1430000090040267,
        2.922899991972372,
        2.862900000764057,
        2.9445000109262764
    ],
    "total_device_latency": [
        3.6512999940896407,
        3.5120999964419752,
        3.1325000018114224,
        3.190799994627014,
        3.180400002747774,
        3.530799993313849,
        3.348999991430901,
        3.1260000105248764,
        3.0509999924106523,
        3.1309999903896824
    ]
}