{
    "kyber_encap": [
        2.736100010224618,
        2.9987999878358096,
        2.673700000741519,
        3.0541999876732007,
        2.785699995001778,
        2.6892000023508444,
        2.8994000022066757,
        2.997899995534681,
        3.043700009584427,
        2.787499994155951
    ],
    "aes_gcm_encrypt": [
        0.03739999374374747,
        0.04159999662078917,
        0.02849999873433262,
        0.04640000406652689,
        0.03680000372696668,
        0.02719998883549124,
        0.07429999823216349,
        0.0408000050811097,
        0.04599998646881431,
        0.044899992644786835
    ],
    "total_device_latency": [
        2.776399996946566,
        3.043199991225265,
        2.7053999947384,
        3.1041999900480732,
        2.8255000070203096,
        2.718999996432103,
        2.980399993248284,
        3.041900010430254,
        3.0926000035833567,
        2.8347000043140724
    ]
}