{
    "morton_encode": [
        0.19230000907555223,
        0.1846999948611483,
        0.18560000171419233,
        0.18560000171419233,
        0.2410000015515834,
        0.18950000230688602,
        0.1863000070443377,
        0.19839999731630087,
        0.21349999587982893,
        0.18730000010691583
    ],
    "chaos_iteration": [
        0.0185999961104244,
        0.01170000177808106,
        0.010899995686486363,
        0.010100004146806896,
        0.02780000795610249,
        0.0202999945031479,
        0.01649999467190355,
        0.016400008462369442,
        0.012699994840659201,
        0.013600001693703234
    ],
    "mlwe_encrypt": [
        3.006600003573112,
        3.04169999435544,
        2.933299998403527,
        3.363399999216199,
        3.086299999267794,
        2.9924999980721623,
        3.1447999936062843,
        3.0239000043366104,
        3.0617000011261553,
        3.1856999994488433
    ],
    "total_device_latency": [
        3.221200007828884,
        3.2404000085080042,
        3.1315999949583784,
        3.5617999965325,
        3.3592999971006066,
        3.2052000024123117,
        3.3499999990453944,
        3.241899990825914,
        3.2902999955695122,
        3.388900004210882
    ]
}