{
    "morton_encode": [
        0.13770900841336697,
        0.13087499246466905,
        0.12275000335648656,
        0.13387500075623393,
        0.13312500959727913,
        0.1218329998664558,
        0.12562499614432454,
        0.13529200805351138,
        0.12329200399108231,
        0.12716698984149843
    ],
    "chaos_iteration": [
        0.008208997314795852,
        0.003541994374245405,
        0.00508299854118377,
        0.005790992872789502,
        0.003249995643272996,
        0.0027500063879415393,
        0.002874992787837982,
        0.006917005521245301,
        0.0047909998102113605,
        0.0032090028980746865
    ],
    "mlwe_encrypt": [
        1.7525419971207157,
        1.6776250122347847,
        1.8546249921200797,
        1.7234580009244382,
        1.7822079971665516,
        1.8066249904222786,
        1.8275420006830245,
        1.8832500063581392,
        1.8081660091411322,
        1.7917080112965778
    ],
    "total_device_latency": [
        1.8993330013472587,
        1.8130420066881925,
        1.983458991162479,
        1.8638750043464825,
        1.9194999913452193,
        1.9318749982630834,
        1.956749998498708,
        2.027000009547919,
        1.9370000081835315,
        1.9225409923819825
    ]
}