{
    "morton_encode": [
        0.2536999963922426,
        0.25129999266937375,
        0.3173000004608184,
        0.1812999980757013,
        0.18819999240804464,
        0.18529999942984432,
        0.18209998961538076,
        0.2730000123847276,
        0.24729999131523073,
        0.19160000374540687
    ],
    "chaos_iteration": [
        0.028800001018680632,
        0.05129999772179872,
        0.017400001524947584,
        0.021200001356191933,
        0.026900001103058457,
        0.025000001187436283,
        0.022899999748915434,
        0.04190001345705241,
        0.030199997127056122,
        0.024600012693554163
    ],
    "mlwe_encrypt": [
        3.774700002395548,
        3.3013999927788973,
        3.3008000027621165,
        3.014899994013831,
        3.2878999918466434,
        3.070799997658469,
        3.661199996713549,
        3.296700000646524,
        3.165000001899898,
        3.490400005830452
    ],
    "total_device_latency": [
        4.0619000064907596,
        3.607300008297898,
        3.6528000055113807,
        3.221899998607114,
        3.5083999973721802,
        3.2852000003913417,
        3.8721000018995255,
        3.6177999863866717,
        3.446499991696328,
        3.71070000983309
    ]
}