{
    "aes_gcm_encrypt": [
        0.048600006266497076,
        0.03929999365936965,
        0.03850000211969018,
        0.03399999695830047,
        0.027699992642737925,
        0.023500004317611456,
        0.03539999306667596,
        0.019899991457350552,
        0.021700005163438618,
        0.023600005079060793
    ],
    "attr_hashing": [
        0.006399990525096655,
        0.021799991372972727,
        0.02099999983329326,
        0.01440000778529793,
        0.013299999409355223,
        0.011199997970834374,
        0.019500002963468432,
        0.008800008799880743,
        0.010200004908256233,
        0.011299998732283711
    ],
    "ringlwe_encap": [
        0.9156000014627352,
        0.7009999972069636,
        0.45000000682193786,
        0.8209999941755086,
        0.4474000015761703,
        0.5922000127611682,
        0.4374999989522621,
        0.5275000003166497,
        0.4349999944679439,
        0.4332999960752204
    ],
    "poly1305_tag": [
        1.6182999970624223,
        0.10369998926762491,
        0.0509000092279166,
        0.06259999645408243,
        0.042100000428035855,
        0.05220000457484275,
        0.04269999044481665,
        0.041100007365457714,
        0.0371999922208488,
        0.033499993151053786
    ],
    "total_device_latency": [
        2.5972000003093854,
        0.8722000056877732,
        0.5643999902531505,
        0.9361999982502311,
        0.5337000038707629,
        0.6820999988121912,
        0.5382999952416867,
        0.5996999971102923,
        0.5070000042906031,
        0.5040999967604876
    ]
}