{
    "aes_gcm_encrypt": [
        0.056799999583745375,
        0.0397000003431458,
        0.028899999961140566,
        0.024400000256719068,
        0.0182999992830446,
        0.017500000467407517,
        0.01920000067912042,
        0.01650000012887176,
        0.0166000008903211,
        0.046299999667098746
    ],
    "attr_hashing": [
        0.01320000046689529,
        0.024200000552809797,
        0.016099998902063817,
        0.010599998859106563,
        0.010000001566368155,
        0.010200001270277426,
        0.009699999282020144,
        0.009899998985929415,
        0.00960000033956021,
        0.011199999789823778
    ],
    "ringlwe_encap": [
        0.7797999987815274,
        0.8766999999352265,
        0.7400000013149111,
        0.7390000009763753,
        0.7191999993665377,
        0.716499998816289,
        0.715199999831384,
        0.7098000005498761,
        1.1537000009411713,
        0.8376999994652579
    ],
    "poly1305_tag": [
        3.218899999410496,
        0.079100000220933,
        0.05689999852620531,
        0.05090000013296958,
        0.04260000059730373,
        0.0411000000895001,
        0.041900000724126585,
        0.04269999953976367,
        0.07809999988239724,
        0.13209999997343402
    ],
    "total_device_latency": [
        4.075599999850965,
        1.0254999997414416,
        0.8450999994238373,
        0.8275999989564298,
        0.7932999997137813,
        0.7886000003054505,
        0.7882999998400919,
        0.7809999988239724,
        1.2639000015042257,
        1.0313000002497574
    ]
}