{
    "aes_gcm_encrypt": [
        0.037799999518028926,
        0.028000000384054147,
        0.015800000255694613,
        0.013600000784208532,
        0.01340000017080456,
        0.014100000043981709,
        0.017700000171316788,
        0.013199999557400588,
        0.017299999854003545,
        0.01669999983278103
    ],
    "attr_hashing": [
        0.0052999994295532815,
        0.01650000012887176,
        0.007900000127847306,
        0.0068999997893115506,
        0.006499999471998308,
        0.0073999999585794285,
        0.008299999535665847,
        0.007099999493220821,
        0.008800000614428427,
        0.009399999726156238
    ],
    "ringlwe_encap": [
        0.8016000001589418,
        0.5676999999195687,
        0.5191999998714891,
        0.5053999993833713,
        0.5386000002545188,
        0.523599999723956,
        0.5009999995309045,
        0.6127999995442224,
        0.5589000002146349,
        0.5621999998766114
    ],
    "poly1305_tag": [
        1.3951999999335385,
        0.03689999994094251,
        0.039399999877787195,
        0.031600000511389226,
        0.033599999369471334,
        0.04389999958220869,
        0.028599999495781958,
        0.044999999772699084,
        0.05130000045028282,
        0.0411000000895001
    ],
    "total_device_latency": [
        2.245000000584696,
        0.6521999994220096,
        0.5843999997523497,
        0.5594000003839028,
        0.5941999997958192,
        0.5909999999857973,
        0.5573999997068313,
        0.6802999996580184,
        0.6389000000126543,
        0.6316999997579842
    ]
}