{
    "aes_gcm_encrypt": [
        0.05687500015483238,
        0.01758299913490191,
        0.008832999810692854,
        0.011209000149392523,
        0.008249999154941179,
        0.029875000109313987,
        0.008625000191386789,
        0.006791000487282872,
        0.006666999979643151,
        0.006291998943197541
    ],
    "attr_hashing": [
        0.0031250001484295353,
        0.0031669987947680056,
        0.0026670004444895312,
        0.0028750000637955964,
        0.001875001544249244,
        0.0023329994291998446,
        0.0018330010789213702,
        0.0017500005924375728,
        0.0015830009942874312,
        0.0014999986888142303
    ],
    "ringlwe_encap": [
        0.3041669988306239,
        0.26641699878382497,
        0.3011249991686782,
        0.23912500000733417,
        0.3054160006286111,
        0.29887500022596214,
        0.23550000150862616,
        0.2345829998375848,
        0.2330410006834427,
        0.23187499937193934
    ],
    "poly1305_tag": [
        1.7462499999965075,
        0.019999999494757503,
        0.020125000446569175,
        0.014792000001762062,
        0.02158299867005553,
        0.01529200017102994,
        0.01275000067835208,
        0.012624999726540409,
        0.011500000255182385,
        0.011042000551242381
    ],
    "total_device_latency": [
        2.1127079999132548,
        0.3084999989368953,
        0.3337500002089655,
        0.26862500089919195,
        0.33812499896157533,
        0.3471670006547356,
        0.2593749995867256,
        0.2561250003054738,
        0.25349999850732274,
        0.2512499995646067
    ]
}