{
    "aes_gcm_encrypt": [
        0.04199999966658652,
        0.03440000000409782,
        0.018699996871873736,
        0.025899993488565087,
        0.013500000932253897,
        0.013299999409355223,
        0.012600008631125093,
        0.013600001693703234,
        0.012400007108226418,
        0.014999997802078724
    ],
    "attr_hashing": [
        0.006999995093792677,
        0.018999999156221747,
        0.009199997293762863,
        0.007800001185387373,
        0.005399997462518513,
        0.004999994416721165,
        0.0050000089686363935,
        0.006300004315562546,
        0.006100002792663872,
        0.005699999746866524
    ],
    "ringlwe_encap": [
        0.6248999998206273,
        0.6253000028664246,
        0.4123999970033765,
        0.4194999928586185,
        0.40080001053866,
        0.400500008254312,
        0.5512999923666939,
        0.4566999996313825,
        0.401100012823008,
        0.4074999887961894
    ],
    "poly1305_tag": [
        12.677799997618422,
        0.052400006097741425,
        0.03359999391250312,
        0.027000001864507794,
        0.028800001018680632,
        0.023800006601959467,
        0.027300004148855805,
        0.029100003303028643,
        0.023300002794712782,
        0.02540000423323363
    ],
    "total_device_latency": [
        13.35960000869818,
        0.7348000071942806,
        0.4761000018334016,
        0.4822000046260655,
        0.45029999455437064,
        0.44430000707507133,
        0.5980999994790182,
        0.5075000080978498,
        0.4453000001376495,
        0.45530000352300704
    ]
}