{
    "aes_gcm_encrypt": [
        0.05430000055639539,
        0.04200000057608122,
        0.034300000152143184,
        0.023699999474047218,
        0.018700000509852543,
        0.018400000044493936,
        0.01609999981155852,
        0.01559999964229064,
        0.013499999113264494,
        0.015999999959603883
    ],
    "attr_hashing": [
        0.0068999997893115506,
        0.02029999996011611,
        0.02919999951700447,
        0.010400000064691994,
        0.007900000127847306,
        0.015600000551785342,
        0.006599999323952943,
        0.006399999620043673,
        0.00650000038149301,
        0.007300000106624793
    ],
    "ringlwe_encap": [
        0.6689000001642853,
        0.7312999996429426,
        0.5621999998766114,
        0.5284999997456907,
        0.4878999998254585,
        0.47230000018316787,
        0.4209000007904251,
        0.5279999995764229,
        0.5063999997219071,
        0.46130000009725336
    ],
    "poly1305_tag": [
        1.6228000004048226,
        0.09039999986271141,
        0.04939999962516595,
        0.03749999996216502,
        0.031099999432626646,
        0.044999999772699084,
        0.029999999242136255,
        0.04619999981514411,
        0.0349000001733657,
        0.02990000029967632
    ],
    "total_device_latency": [
        2.3608000001331675,
        0.8901000001060311,
        0.6782000000384869,
        0.6020000000717118,
        0.5478999992192257,
        0.5535000000236323,
        0.47560000075463904,
        0.5981000003885129,
        0.5639999999402789,
        0.5160000000614673
    ]
}