{
    "aes_gcm_encrypt": [
        0.04820800677407533,
        0.02200000744778663,
        0.013500000932253897,
        0.008500006515532732,
        0.007541995728388429,
        0.015290992450900376,
        0.011916010407730937,
        0.0072499969974160194,
        0.006667003617621958,
        0.006333997589536011
    ],
    "attr_hashing": [
        0.0033329997677356005,
        0.002958011464215815,
        0.0034999975468963385,
        0.0021249870769679546,
        0.0017499987734481692,
        0.004999994416721165,
        0.002291999408043921,
        0.0018330028979107738,
        0.0017080019460991025,
        0.001624997821636498
    ],
    "ringlwe_encap": [
        0.2810419973684475,
        0.30295799660962075,
        0.23962500563357025,
        0.2361249935347587,
        0.504916999489069,
        0.270040996838361,
        0.23837501066736877,
        0.23191700165625662,
        0.23087499721441418,
        0.22899999748915434
    ],
    "poly1305_tag": [
        1.6560830117668957,
        0.030791998142376542,
        0.016291000065393746,
        0.014249992091208696,
        0.023707994841970503,
        0.020040999515913427,
        0.014292003470472991,
        0.013541997759602964,
        0.012375006917864084,
        0.011208001524209976
    ],
    "total_device_latency": [
        1.9906669913325459,
        0.36004200228489935,
        0.27379200037103146,
        0.26158400578424335,
        0.5388749996200204,
        0.3159159969072789,
        0.26754099235404283,
        0.25504200311843306,
        0.25224999990314245,
        0.24879199918359518
    ]
}