{
    "aes_gcm_encrypt": [
        0.03890000516548753,
        0.02130000211764127,
        0.02239999594166875,
        0.01610000617802143,
        0.015700003132224083,
        0.017099999240599573,
        0.016700010746717453,
        0.015600002370774746,
        0.014299992471933365,
        0.015000012353993952
    ],
    "attr_hashing": [
        0.0044000043999403715,
        0.015199999324977398,
        0.008899995009414852,
        0.006999995093792677,
        0.006700007361359894,
        0.006999995093792677,
        0.006700007361359894,
        0.006299989763647318,
        0.00650000583846122,
        0.016300007700920105
    ],
    "ringlwe_encap": [
        0.501199989230372,
        0.45479999971576035,
        0.41900000360328704,
        0.4102000093553215,
        0.42470000335015357,
        0.41029999556485564,
        0.4216999950585887,
        0.43759999971371144,
        0.4064999957336113,
        0.4298999992897734
    ],
    "poly1305_tag": [
        1.2187999964226037,
        0.040099999750964344,
        0.03029999788850546,
        0.02820001100189984,
        0.02929999027401209,
        0.031499992473982275,
        0.028299997211433947,
        0.030199997127056122,
        0.026599998818710446,
        0.02710000262595713
    ],
    "total_device_latency": [
        1.7678000003797933,
        0.5348999984562397,
        0.48329999845009297,
        0.46350000775419176,
        0.47840000479482114,
        0.4678999976022169,
        0.4752000095322728,
        0.49160000344272703,
        0.45599999430123717,
        0.49000000581145287
    ]
}