{
    "aes_gcm_encrypt": [
        0.05370000144466758,
        0.03929999365936965,
        0.03860000288113952,
        0.01819999306462705,
        0.016999998479150236,
        0.01720000000204891,
        0.0168999977177009,
        0.012999997125007212,
        0.06180000491440296,
        0.012899996363557875
    ],
    "attr_hashing": [
        0.00829999044071883,
        0.017699989257380366,
        0.013199998647905886,
        0.007700000423938036,
        0.005800000508315861,
        0.007300011930055916,
        0.00549999822396785,
        0.005299996701069176,
        0.005099995178170502,
        0.005699999746866524
    ],
    "ringlwe_encap": [
        0.8674999990034848,
        0.857999999425374,
        0.4588000010699034,
        0.47289999201893806,
        0.5834000039612874,
        0.5254999996395782,
        0.5033000052208081,
        0.47199999971780926,
        0.48469999455846846,
        0.7489999989047647
    ],
    "poly1305_tag": [
        5.505499997525476,
        0.05840000812895596,
        0.04030000127386302,
        0.03090000245720148,
        0.030199997127056122,
        0.028800001018680632,
        0.028099995688535273,
        0.026299996534362435,
        0.02849999873433262,
        0.03229999856557697
    ],
    "total_device_latency": [
        6.444899991038255,
        0.9775999933481216,
        0.5536000098800287,
        0.5314000009093434,
        0.6387000030372292,
        0.5806000117445365,
        0.5556000105571002,
        0.5182000022614375,
        0.5824999971082434,
        0.8017999934963882
    ]
}