{
    "aes_gcm_encrypt": [
        0.03739999920071568,
        0.029999999242136255,
        0.03190000097674783,
        0.021100000594742596,
        0.014100000043981709,
        0.019699999029398896,
        0.017700000171316788,
        0.01320000046689529,
        0.01359999987471383,
        0.011800000720540993
    ],
    "attr_hashing": [
        0.00540000110049732,
        0.01849999898695387,
        0.012700000297627412,
        0.00909999835130293,
        0.006600001142942347,
        0.009100000170292333,
        0.007599999662488699,
        0.007400001777568832,
        0.006599999323952943,
        0.00650000038149301
    ],
    "ringlwe_encap": [
        0.6349000013869954,
        0.7922000004327856,
        0.8264000007329741,
        0.5167999988771044,
        0.5836000000272179,
        0.537800000529387,
        0.5001999998057727,
        0.5292999994708225,
        0.49510000098962337,
        0.4957000001013512
    ],
    "poly1305_tag": [
        1.4455000000452856,
        0.05129999954078812,
        0.05059999966761097,
        0.03239999932702631,
        0.06509999911941122,
        0.036499999623629265,
        0.02990000029967632,
        0.03300000025774352,
        0.02609999864944257,
        0.02499999936844688
    ],
    "total_device_latency": [
        2.1279000011418248,
        0.8962000010797055,
        0.9250000002793968,
        0.5814000014652265,
        0.6721999998262618,
        0.6052999997336883,
        0.5571999990934273,
        0.5846000003657537,
        0.5437999989226228,
        0.5406999989645556
    ]
}