{
    "aes_gcm_encrypt": [
        0.04358300066087395,
        0.018624996300786734,
        0.00916598946787417,
        0.007333001121878624,
        0.007000009645707905,
        0.007334005204029381,
        0.0069590023485943675,
        0.006417001713998616,
        0.006166010280139744,
        0.006374990334734321
    ],
    "attr_hashing": [
        0.0017909915186464787,
        0.004042012733407319,
        0.0027500063879415393,
        0.001958003849722445,
        0.001624997821636498,
        0.0017499987734481692,
        0.0017499987734481692,
        0.0016250123735517263,
        0.0015419936971738935,
        0.001667009200900793
    ],
    "ringlwe_encap": [
        0.2675420109881088,
        0.27637499442789704,
        0.23583299480378628,
        0.2317909966222942,
        0.23837499611545354,
        0.23058299848344177,
        0.22933298896532506,
        0.22866700601298362,
        0.22741701104678214,
        0.22812500537838787
    ],
    "poly1305_tag": [
        1.5373750065919012,
        0.018000006093643606,
        0.013708006008528173,
        0.012082993634976447,
        0.011416996130719781,
        0.011500000255182385,
        0.011167008779011667,
        0.011375013855285943,
        0.0109999964479357,
        0.010667004971764982
    ],
    "total_device_latency": [
        1.8521250021876767,
        0.3184160013915971,
        0.2622500032885,
        0.2537079999456182,
        0.25904198992066085,
        0.2516659878892824,
        0.24966699129436165,
        0.24850000045262277,
        0.2467500016791746,
        0.2472500054864213
    ]
}