{
    "aes_gcm_encrypt": [
        0.03710000601131469,
        0.04470000567380339,
        0.03260000084992498,
        0.020800012862309813,
        0.02160000440198928,
        0.050700007705017924,
        0.020099992980249226,
        0.019400002202019095,
        0.01679999695625156,
        0.01589999010320753
    ],
    "attr_hashing": [
        0.00549999822396785,
        0.07310000364668667,
        0.014500008546747267,
        0.009399998816661537,
        0.008800008799880743,
        0.0109999964479357,
        0.009099996532313526,
        0.008200004231184721,
        0.007999988156370819,
        0.007199996616691351
    ],
    "ringlwe_encap": [
        0.48630000674165785,
        0.9821999992709607,
        0.8059999963734299,
        0.6837000109953806,
        0.7761000015307218,
        0.6909000076120719,
        0.6945999921299517,
        0.6892999954288825,
        0.712499997462146,
        0.4487999976845458
    ],
    "poly1305_tag": [
        1.478200007113628,
        0.07500000356230885,
        0.04579999949783087,
        0.038700003642588854,
        0.05420000525191426,
        0.04749999789055437,
        0.037999998312443495,
        0.037900012102909386,
        0.033199990866705775,
        0.029699993319809437
    ],
    "total_device_latency": [
        2.0133999933023006,
        1.1812000011559576,
        0.9024000028148293,
        0.7554000039817765,
        0.8642000029794872,
        0.8034000056795776,
        0.7645000005140901,
        0.7570999878225848,
        0.7731999940006062,
        0.5033999914303422
    ]
}