{
    "aes_gcm_encrypt": [
        0.040800001443130895,
        0.02390000008745119,
        0.015099998563528061,
        0.01720000000204891,
        0.052200000936863944,
        0.027800000680144876,
        0.019600000086938962,
        0.016500001947861165,
        0.015300000086426735,
        0.023600001441081986
    ],
    "attr_hashing": [
        0.02600000152597204,
        0.03480000304989517,
        0.02890000178012997,
        0.029200000426499173,
        0.05789999704575166,
        0.05669999882229604,
        0.040899998566601425,
        0.029499999072868377,
        0.02800000220304355,
        0.03499999729683623
    ],
    "ringlwe_encap": [
        2.585399997769855,
        2.482899999449728,
        2.4663000003783964,
        2.597299997432856,
        3.2410999992862344,
        2.4412000020674895,
        2.577499999460997,
        2.4622999990242533,
        3.0675999987579416,
        2.682199999981094
    ],
    "poly1305_tag": [
        0.12570000035339035,
        0.08309999975608662,
        0.07000000186963007,
        0.0670000008540228,
        0.10470000052009709,
        0.0670000008540228,
        0.0681000019540079,
        0.05919999966863543,
        0.08689999958733097,
        0.09529999806545675
    ],
    "total_device_latency": [
        2.7819000024464913,
        2.6270999987900723,
        2.582500001153676,
        2.7129999980388675,
        3.4617999990587123,
        2.595199999632314,
        2.7087999987998046,
        2.56950000039069,
        3.2006000001274515,
        2.8395000008458737
    ]
}