{
    "aes_gcm_encrypt": [
        0.22575000184588134,
        0.010415998985990882,
        0.0075830030255019665,
        0.006124988431110978,
        0.0176659959834069,
        0.006165995728224516,
        0.022124993847683072,
        0.006040994776412845,
        0.005874986527487636,
        0.0058340083342045546
    ],
    "attr_hashing": [
        0.002582994056865573,
        0.0022920139599591494,
        0.002208980731666088,
        0.0016250123735517263,
        0.0013750104699283838,
        0.0014159886632114649,
        0.0014169781934469938,
        0.0014590041246265173,
        0.0014579854905605316,
        0.001333013642579317
    ],
    "ringlwe_encap": [
        0.2671249967534095,
        0.25266699958592653,
        0.21633299184031785,
        0.21208298858255148,
        0.24929200299084187,
        0.2134160022251308,
        0.23604201851412654,
        0.2303329820279032,
        0.22866702056489885,
        0.21887500770390034
    ],
    "poly1305_tag": [
        1.8403329886496067,
        0.01562500256113708,
        0.012167001841589808,
        0.011333002476021647,
        0.01116600469686091,
        0.010624993592500687,
        0.011124997399747372,
        0.015124998753890395,
        0.011124997399747372,
        0.009874987881630659
    ],
    "total_device_latency": [
        2.337417012313381,
        0.2819579967763275,
        0.23899998632259667,
        0.23166698520071805,
        0.28012500843033195,
        0.23204198805615306,
        0.2712499990593642,
        0.25341700529679656,
        0.24779202067293227,
        0.23629199131391943
    ]
}