{
    "aes_gcm_encrypt": [
        0.060403000020414765,
        0.06158400003641873,
        0.04268600002887979,
        0.052025000059074955,
        0.04932899992127204,
        0.04872399995292653,
        0.03336000008857809,
        0.048971000069286674,
        0.04104000004190311,
        0.06315299992820655
    ],
    "attr_hashing": [
        0.007797999955982959,
        0.023341999963122362,
        0.014547999967362557,
        0.020912999957545253,
        0.01799899996512977,
        0.01939900005254458,
        0.01538899994102394,
        0.021094999965498573,
        0.01756200003910635,
        0.5181840000432203
    ],
    "ringlwe_encap": [
        5.090727000037987,
        2.2554779999381935,
        5.521133999991434,
        1.4510060000247904,
        1.858659999925294,
        2.5745359999973516,
        0.9762189999946713,
        1.2309710000408813,
        1.4549459999670944,
        1.1994630000344841
    ],
    "poly1305_tag": [
        0.7909260000360518,
        0.09650799995597481,
        0.06824800004778808,
        0.09089600007428089,
        0.0898219999498906,
        0.07567000000108237,
        0.3014999999777501,
        0.12004600000636856,
        0.09408300002178294,
        0.06812300000547111
    ],
    "total_device_latency": [
        5.958098000064638,
        2.4474870000403826,
        5.650177999996231,
        1.6207859999894936,
        2.0215649999499874,
        2.7227849999462705,
        1.331856999968295,
        1.425684999958321,
        1.6144659999781652,
        1.8553329999804191
    ]
}