{
    "batch_verify": 0.03809999907389283,
    "enclave_decrypt": 43.67919999640435,
    "aes_reencrypt": 1.9376999989617616,
    "tee_partial_cpabe": 13.265700006741099,
    "ree_policy_expand": 0.044500004150904715,
    "dilithium_sign": 50.8992999966722,
    "total_fog_latency": 110.03530000743922
}