{
    "batch_verify": 0.0365999985660892,
    "enclave_decrypt": 41.16760000033537,
    "aes_reencrypt": 0.0866999998834217,
    "tee_partial_cpabe": 14.225999999325722,
    "ree_policy_expand": 0.03870000000461005,
    "dilithium_sign": 112.35519999900134,
    "total_fog_latency": 168.04550000051677
}