{
    "batch_verify": 0.1929600000494247,
    "enclave_decrypt": 101.53788800005259,
    "aes_reencrypt": 0.16108300007999787,
    "tee_partial_cpabe": 139.87981799994031,
    "ree_policy_expand": 0.49082299995006906,
    "dilithium_sign": 72.59219000002304,
    "total_fog_latency": 318.4045329999208
}