{
    "batch_verify": 0.04839999019168317,
    "enclave_decrypt": 47.996000008424744,
    "aes_reencrypt": 0.11719999019987881,
    "tee_partial_cpabe": 11.15130000107456,
    "ree_policy_expand": 0.07249999907799065,
    "dilithium_sign": 28.647800005273893,
    "total_fog_latency": 88.88080000178888
}