{
    "batch_verify": 0.04237500252202153,
    "enclave_decrypt": 24.525458007701673,
    "aes_reencrypt": 0.8733750000828877,
    "tee_partial_cpabe": 4.365792003227398,
    "ree_policy_expand": 0.026251000235788524,
    "dilithium_sign": 48.09229201055132,
    "total_fog_latency": 78.03141699696425
}