{
    "batch_verify": 0.055900000006658956,
    "enclave_decrypt": 51.169800000025134,
    "chunk_encrypt": 0,
    "merge_commit": 0.045700000555370934,
    "aes_reencrypt": 0,
    "tee_partial_cpabe": 18.015399999967485,
    "ree_policy_expand": 0.05760000021837186,
    "dilithium_sign": 162.8262000003815,
    "total_fog_latency": 232.45959999985644
}