{
    "batch_verify": 0.03029999788850546,
    "enclave_decrypt": 39.27179999300279,
    "aes_reencrypt": 0.0720999960321933,
    "tee_partial_cpabe": 8.640899992315099,
    "ree_policy_expand": 0.03499999002087861,
    "dilithium_sign": 45.53259999374859,
    "total_fog_latency": 93.69550000701565
}