{
    "batch_verify": 0.012625008821487427,
    "enclave_decrypt": 23.676332988543436,
    "aes_reencrypt": 0.8272080158349127,
    "tee_partial_cpabe": 4.027375020086765,
    "ree_policy_expand": 0.016624981071799994,
    "dilithium_sign": 22.299416013993323,
    "total_fog_latency": 50.89650000445545
}