{
    "batch_verify": 0.015417012036778033,
    "enclave_decrypt": 24.47774999018293,
    "aes_reencrypt": 0.6105840002419427,
    "tee_partial_cpabe": 3.9103749877540395,
    "ree_policy_expand": 0.027000001864507794,
    "dilithium_sign": 64.24554200202692,
    "total_fog_latency": 93.3724170026835
}