{
    "passthrough_hash": [
        0.0027500063879415393,
        0.001291002263315022,
        0.0009999930625781417,
        0.0009590003173798323,
        0.0009999930625781417,
        0.0010420044418424368,
        0.000957996235229075,
        0.00100000761449337,
        0.00100000761449337,
        0.0009999930625781417
    ],
    "total_fog_latency": 0.013374999980442226,
    "paper_note": "No fog re-encryption or signing in [36]; only passthrough hash on real ciphertext."
}