{
    "kyber_decap": [
        5.087600002298132,
        4.272699996363372,
        4.8867000004975125,
        5.025600010412745,
        3.82030000037048,
        4.425199993420392,
        4.111899994313717,
        4.020599997602403,
        3.744299989193678,
        4.963700004736893
    ],
    "kyber_reencap": 2.9439999925671145,
    "dilithium_sign": 138.61999999789987,
    "total_fog_latency": 186.12129999382887
}