{
    "kyber_decap": [
        2.201667011831887,
        2.2693749924656004,
        2.2868750093039125,
        2.2537500044563785,
        2.314625002327375,
        2.248666001833044,
        2.436458002193831,
        2.2006669896654785,
        2.241874986793846,
        2.2605830017710105
    ],
    "kyber_reencap": 1.60116700863,
    "dilithium_sign": 10.168000007979572,
    "total_fog_latency": 34.54579200479202
}