{
    "kyber_decap": [
        3.774099997826852,
        3.722399997059256,
        3.823599996394478,
        3.8754999986849725,
        3.7389000062830746,
        3.7595000030705705,
        3.887900005793199,
        3.8312000106088817,
        3.9801000093575567,
        3.7980000051902607
    ],
    "kyber_reencap": 2.633099997183308,
    "dilithium_sign": 25.11269999376964,
    "total_fog_latency": 66.08049999340437
}