{
    "passthrough_hash": [
        0.016299993149004877,
        0.00449999060947448,
        0.0040000013541430235,
        0.0039000005926936865,
        0.0039000005926936865,
        0.0040000013541430235,
        0.0039000005926936865,
        0.0040000013541430235,
        0.0039000005926936865,
        0.0039000005926936865
    ],
    "total_fog_latency": 0.0560000044060871,
    "paper_note": "No fog re-encryption or signing in [36]; only passthrough hash on real ciphertext."
}