{
    "passthrough_hash": [
        0.03139999171253294,
        0.0044000043999403715,
        0.003899986040778458,
        0.0039000005926936865,
        0.0037999998312443495,
        0.0039000005926936865,
        0.0039000005926936865,
        0.0037999998312443495,
        0.0037999998312443495,
        0.01069999416358769
    ],
    "total_fog_latency": 0.07670000195503235,
    "paper_note": "No fog re-encryption or signing in [36]; only passthrough hash on real ciphertext."
}