{
    "kyber_decap": [
        2.38679199537728,
        3.0534160032402724,
        2.601832995424047,
        2.5014169950736687,
        2.6051250024465844,
        3.467999995336868,
        3.360791990417056,
        2.432332999887876,
        2.485624994733371,
        2.592458011349663
    ],
    "kyber_reencap": 1.7778330075088888,
    "dilithium_sign": 11.778500003856607,
    "total_fog_latency": 41.160666005453095
}