{
    "kyber_decap": [
        2.2744160087313503,
        2.196916990214959,
        2.1668749977834523,
        2.195666980696842,
        2.267584000946954,
        2.2142910165712237,
        2.1800829854328185,
        2.2261670092120767,
        2.300457999808714,
        2.217125002061948
    ],
    "kyber_reencap": 1.5656250179745257,
    "dilithium_sign": 9.394041990162805,
    "total_fog_latency": 33.23741597705521
}