{
    "passthrough_hash": [
        0.004290996002964675,
        0.0013749959180131555,
        0.00100000761449337,
        0.0009999930625781417,
        0.0009999930625781417,
        0.00100000761449337,
        0.000957996235229075,
        0.0009590003173798323,
        0.000957996235229075,
        0.0009590003173798323
    ],
    "total_fog_latency": 0.014875011402182281,
    "paper_note": "No fog re-encryption or signing in [36]; only passthrough hash on real ciphertext."
}