{
    "passthrough_hash": [
        0.0026249999791616574,
        0.0013329990906640887,
        0.0010410003596916795,
        0.000957999873207882,
        0.0009590003173798323,
        0.000957999873207882,
        0.0009590003173798323,
        0.000957999873207882,
        0.0009590003173798323,
        0.0009999985195463523
    ],
    "total_fog_latency": 0.013124999895808287,
    "paper_note": "No fog re-encryption or signing in [36]; only passthrough hash on real ciphertext."
}