{
    "kyber_decap": [
        4.000599990831688,
        3.971300000557676,
        3.757800004677847,
        3.770399998757057,
        3.67660001211334,
        3.7656999920727685,
        3.748599992832169,
        3.729499992914498,
        3.7016000133007765,
        3.6410000029718503
    ],
    "kyber_reencap": 2.5523000076645985,
    "dilithium_sign": 47.74110000289511,
    "total_fog_latency": 88.18950000568293
}