{
    "kyber_decap": [
        4.366600001958432,
        3.777300000365358,
        3.774900000280468,
        3.7009000006946735,
        4.235600001265993,
        3.7779999984195456,
        3.7807000007887837,
        3.7885999990976416,
        4.205599998385878,
        3.882299999531824
    ],
    "kyber_reencap": 2.619599999889033,
    "dilithium_sign": 95.36219999790774,
    "total_fog_latency": 137.4284000012267
}