{
    "kyber_decap": [
        2.3384579999401467,
        2.4574580002081348,
        2.364792000662419,
        2.309666999281035,
        2.4000419998628786,
        2.293249999638647,
        2.2931660005269805,
        6.821916000262718,
        2.2585829992749495,
        2.328208000108134
    ],
    "kyber_reencap": 1.6726249996281695,
    "dilithium_sign": 10.142541999812238,
    "total_fog_latency": 39.78237499904935
}