{
    "passthrough_hash": [
        0.017699989257380366,
        0.004599991370923817,
        0.0040000013541430235,
        0.0039000005926936865,
        0.0039000005926936865,
        0.004599991370923817,
        0.0039000005926936865,
        0.0039000005926936865,
        0.0040000013541430235,
        0.01679999695625156
    ],
    "total_fog_latency": 0.07139999070204794,
    "paper_note": "No fog re-encryption or signing in [36]; only passthrough hash on real ciphertext."
}