{
    "passthrough_hash": [
        0.016599995433352888,
        0.0047000066842883825,
        0.0040000013541430235,
        0.0040000013541430235,
        0.0040000013541430235,
        0.0040000013541430235,
        0.0037999998312443495,
        0.0039000005926936865,
        0.0039000005926936865,
        0.0039000005926936865
    ],
    "total_fog_latency": 0.05679999594576657,
    "paper_note": "No fog re-encryption or signing in [36]; only passthrough hash on real ciphertext."
}