{
    "kyber_decap": [
        3.940800001146272,
        4.221199997118674,
        3.981400004704483,
        4.382400002214126,
        4.3953999993391335,
        4.44769999012351,
        3.8499999936902896,
        3.7696000072173774,
        4.133800001000054,
        4.045099994982593
    ],
    "kyber_reencap": 2.9571000050054863,
    "dilithium_sign": 26.30670000507962,
    "total_fog_latency": 70.99890000245068
}