{
    "passthrough_hash": [
        0.01610000617802143,
        0.00449999060947448,
        0.0039000005926936865,
        0.0039000005926936865,
        0.0039000005926936865,
        0.0040000013541430235,
        0.0039000005926936865,
        0.0039000005926936865,
        0.0048000074457377195,
        0.0040000013541430235
    ],
    "total_fog_latency": 0.056199991377070546,
    "paper_note": "No fog re-encryption or signing in [36]; only passthrough hash on real ciphertext."
}