{
    "kyber_decap": [
        4.158600000664592,
        4.620799998519942,
        6.1243000091053545,
        6.226099998457357,
        4.6873000101186335,
        4.4384999928297475,
        4.259599998476915,
        4.566200004774146,
        3.696699990541674,
        3.8428999978350475
    ],
    "kyber_reencap": 2.7030000055674464,
    "dilithium_sign": 96.06979999807663,
    "total_fog_latency": 145.85050000459887
}