{
    "passthrough_hash": [
        0.0024170149117708206,
        0.0011249794624745846,
        0.0009590003173798323,
        0.0009170034900307655,
        0.0009170034900307655,
        0.0009170034900307655,
        0.0009170034900307655,
        0.0009590003173798323,
        0.0008750066626816988,
        0.0009170034900307655
    ],
    "total_fog_latency": 0.011999974958598614,
    "paper_note": "No fog re-encryption or signing in [36]; only passthrough hash on real ciphertext."
}