{
    "passthrough_hash": [
        0.015599998732795939,
        0.004599998646881431,
        0.00419999923906289,
        0.0038999969547148794,
        0.0039000005926936865,
        0.0039000005926936865,
        0.0039000005926936865,
        0.003999997716164216,
        0.003999997716164216,
        0.0039000005926936865
    ],
    "total_fog_latency": 0.05539999983739108,
    "paper_note": "No fog re-encryption or signing in [36]; only passthrough hash on real ciphertext."
}