{
    "poly1305_verify": 0.8098999969661236,
    "beta_augmentation": 9.669300008681603,
    "dilithium_sign": 100.0973000045633,
    "total_fog_latency": 131.58159999875352,
    "dilithium_verify": 11.849599992274307,
    "flex_stripping": 8.790499996393919
}