{
    "poly1305_verify": 0.5907499871682376,
    "beta_augmentation": 4.162540979450569,
    "dilithium_sign": 9.498583007371053,
    "total_fog_latency": 24.661167000886053,
    "dilithium_verify": 6.197541020810604,
    "flex_stripping": 4.092874994967133
}