{
    "poly1305_verify": 0.9144000359810889,
    "beta_augmentation": 9.301199999754317,
    "dilithium_sign": 109.55079999985173,
    "total_fog_latency": 144.06180000514723,
    "dilithium_verify": 12.74330000160262,
    "flex_stripping": 10.492899993550964
}