{
    "poly1305_verify": 0.7818000003680936,
    "beta_augmentation": 10.000199999922188,
    "dilithium_sign": 75.7567000000563,
    "total_fog_latency": 117.56409999998141,
    "dilithium_verify": 17.011099999763246,
    "flex_stripping": 13.53930000004766
}