{
    "poly1305_verify": 1.078500019502826,
    "beta_augmentation": 12.824699995690025,
    "dilithium_sign": 31.053899991093203,
    "total_fog_latency": 83.0644000088796,
    "dilithium_verify": 17.55859999684617,
    "flex_stripping": 20.09890000044834
}