{
    "poly1305_verify": 0.9795000223675743,
    "beta_augmentation": 8.85549999657087,
    "dilithium_sign": 23.794799999450333,
    "total_fog_latency": 56.91169999772683,
    "dilithium_verify": 12.543599994387478,
    "flex_stripping": 10.362200002418831
}