{
    "poly1305_verify": 0.7551239978056401,
    "beta_augmentation": 4.681832999267499,
    "dilithium_sign": 175.01900000024762,
    "total_fog_latency": 192.93837499935762,
    "dilithium_verify": 7.216957999844453,
    "flex_stripping": 5.029124999055057
}