{
    "poly1305_verify": 0.8035999981075292,
    "beta_augmentation": 10.838399999556714,
    "dilithium_sign": 90.25879999899189,
    "total_fog_latency": 124.86569999964559,
    "dilithium_verify": 13.397400000030757,
    "flex_stripping": 9.119500000451808
}