{
    "poly1305_verify": 0.6644569803029299,
    "beta_augmentation": 4.3596250034170225,
    "dilithium_sign": 31.96570900036022,
    "total_fog_latency": 47.768249991349876,
    "dilithium_verify": 6.421457990654744,
    "flex_stripping": 4.181916010566056
}