{
    "poly1305_verify": 12.605539999867688,
    "beta_augmentation": 80.6689970000889,
    "dilithium_sign": 65.37516299999879,
    "total_fog_latency": 231.61089500001708,
    "dilithium_verify": 32.54197700005079,
    "flex_stripping": 36.08516899998904
}