{
    "poly1305_verify": 1.2601999987964518,
    "beta_augmentation": 10.033999999905063,
    "dilithium_sign": 57.850999999573105,
    "total_fog_latency": 95.40290000040841,
    "dilithium_verify": 14.330599999993865,
    "flex_stripping": 11.38840000021446
}