{
    "poly1305_verify": 0.6867000047350302,
    "beta_augmentation": 9.151000005658716,
    "dilithium_sign": 60.492300006444566,
    "total_fog_latency": 94.4908000092255,
    "dilithium_verify": 13.33149999845773,
    "flex_stripping": 10.01699999324046
}