{
    "poly1305_verify": 1.3877000001230044,
    "beta_augmentation": 19.658799999888288,
    "dilithium_sign": 152.92430000044988,
    "total_fog_latency": 207.1169999999256,
    "dilithium_verify": 18.19440000144823,
    "flex_stripping": 14.274400000431342
}