{
    "poly1305_verify": 0.6179570191306993,
    "beta_augmentation": 4.6500829921569675,
    "dilithium_sign": 19.810541998595,
    "total_fog_latency": 35.91204198892228,
    "dilithium_verify": 6.452834000810981,
    "flex_stripping": 4.209792008623481
}