{
    "dilithium_verify": 6.410749992937781,
    "policy_eval": 0.08333299774676561,
    "cpabe_decrypt": 2.812166989315301,
    "aes_gcm_decrypt": 0.036083991290070117,
    "total_user_latency": 10.681791012757458
}