{
    "dilithium_verify": 86.37912099993628,
    "policy_eval": 0.6455159999632087,
    "cpabe_decrypt": 49.61029499997949,
    "aes_gcm_decrypt": 1.6011190000426723,
    "total_user_latency": 159.9965500000735
}