{
    "dilithium_verify": 12.566299992613494,
    "policy_eval": 0.48099999548867345,
    "cpabe_decrypt": 6.073399999877438,
    "aes_gcm_decrypt": 0.8212999964598566,
    "total_user_latency": 22.56860000488814
}