{
    "dilithium_verify": 12.452100001610233,
    "policy_eval": 0.14830000145593658,
    "cpabe_decrypt": 7.230699999126955,
    "aes_gcm_decrypt": 0.8195000009436626,
    "total_user_latency": 23.29209999879822
}