{
    "dilithium_verify": 10.008291999838548,
    "policy_eval": 0.10558400026638992,
    "cpabe_decrypt": 2.93124999916472,
    "aes_gcm_decrypt": 0.04266699943400454,
    "total_user_latency": 14.56612499896437
}