{
    "dilithium_verify": 19.32940000006056,
    "policy_eval": 0.15050000001792796,
    "cpabe_decrypt": 12.898800001494237,
    "root_verify": 0.06890000076964498,
    "chunk_decrypt": 0.08970000089902896,
    "total_user_latency": 36.67959999984305
}