{
    "dilithium_verify": 11.907799998880364,
    "policy_eval": 0.12840000272262841,
    "cpabe_decrypt": 4.765200006659143,
    "aes_gcm_decrypt": 0.7193000055849552,
    "total_user_latency": 19.826200004899874
}