{
    "dilithium_verify": 14.960500000597676,
    "policy_eval": 0.15590000020893058,
    "cpabe_decrypt": 5.807699999422766,
    "aes_gcm_decrypt": 1.05009999970207,
    "total_user_latency": 25.901599999997416
}