{
    "dilithium_verify": 6.152499991003424,
    "policy_eval": 0.44445801177062094,
    "cpabe_decrypt": 2.8670839965343475,
    "aes_gcm_decrypt": 0.02362497616559267,
    "total_user_latency": 10.837000008905306
}