{
    "dilithium_verify": 12.01740000396967,
    "policy_eval": 0.1348999940091744,
    "cpabe_decrypt": 4.659900005208328,
    "aes_gcm_decrypt": 0.7887000101618469,
    "total_user_latency": 19.96629999484867
}