{
    "dilithium_verify": 14.141000003291992,
    "policy_eval": 0.41620000047259964,
    "cpabe_decrypt": 71.42839999869466,
    "aes_gcm_decrypt": 0.05620000229100697,
    "total_user_latency": 89.40249999795924
}