{
    "dilithium_verify": 6.511334009701386,
    "policy_eval": 0.0967090018093586,
    "cpabe_decrypt": 2.4364170094486326,
    "aes_gcm_decrypt": 0.03870799264404923,
    "total_user_latency": 10.475791001226753
}