{
    "dilithium_verify": 12.424300002749078,
    "policy_eval": 0.12769999739248306,
    "cpabe_decrypt": 5.041199998231605,
    "aes_gcm_decrypt": 1.2332000042079017,
    "total_user_latency": 21.476299996720627
}