{
    "poly_decrypt": [
        0.8934579964261502,
        0.857624996569939,
        0.8094170043477789,
        0.8246249926742166,
        0.8640839951112866,
        0.9675410110503435,
        0.7860409968998283,
        0.8913750061765313,
        0.7750419899821281,
        0.8352500008186325
    ],
    "morton_reverse": [
        0.16391600365750492,
        0.16004200733732432,
        0.15166700177360326,
        0.2655830030562356,
        0.16637500084470958,
        0.16241699631791562,
        0.15483300376217812,
        0.15850001364015043,
        0.1477920013712719,
        0.1595840003574267
    ],
    "total_user_latency": 10.223792007309385
}