{
    "dilithium_verify": 13.41510000929702,
    "kyber_decap": [
        4.331500007538125,
        4.428200001711957,
        4.845299990847707,
        4.01370000327006,
        5.417400010628626,
        7.84140000178013,
        3.8708000065525994,
        4.532899998594075,
        4.66630001028534,
        3.7939999892842025
    ],
    "aes_gcm_decrypt": [
        0.03789999755099416,
        0.008300004992634058,
        0.005699999746866524,
        0.005099995178170502,
        0.005299996701069176,
        0.004699992132373154,
        0.0048000074457377195,
        0.005099995178170502,
        0.006200003554113209,
        0.0047000066842883825
    ],
    "total_user_latency": 61.596200001076795
}