{
    "poly_decrypt": [
        1.4549000043189153,
        1.6564999968977645,
        1.3777999993180856,
        1.3985999976284802,
        1.407100004144013,
        2.0994000078644603,
        1.7656000127317384,
        1.5050000074552372,
        1.4385999966179952,
        1.5724999975645915
    ],
    "morton_reverse": [
        0.225800002226606,
        0.22220000391826034,
        0.21460000425577164,
        0.21500000730156898,
        0.21389999892562628,
        0.23069999588187784,
        0.22050000552553684,
        0.22699999681208283,
        0.21669999114237726,
        0.2373000024817884
    ],
    "total_user_latency": 17.962800004170276
}