{
    "dilithium_verify": 12.220600008731708,
    "kyber_decap": [
        4.303100009565242,
        3.9763000095263124,
        4.013199999462813,
        4.31590000516735,
        4.645900000468828,
        3.7859000003663823,
        3.9816999924369156,
        4.6094999997876585,
        4.4498999923234805,
        4.455700007383712
    ],
    "aes_gcm_decrypt": [
        0.0518000015290454,
        0.007800001185387373,
        0.00549999822396785,
        0.005199995939619839,
        0.004899993655271828,
        0.006100002792663872,
        0.005199995939619839,
        0.01960000372491777,
        0.004699992132373154,
        0.0046000059228390455
    ],
    "total_user_latency": 55.17959999269806
}