{
    "poly_decrypt": [
        1.4152000076137483,
        1.39050000871066,
        1.5321999962907284,
        1.5382000128738582,
        1.405000002705492,
        1.713200006633997,
        1.4507000014418736,
        1.5541000029770657,
        1.4220999873941764,
        1.3703000004170462
    ],
    "morton_reverse": [
        0.22479999461211264,
        0.2158999996026978,
        0.22139999782666564,
        0.2175999979954213,
        0.21920001017861068,
        0.22499999613501132,
        0.2294000005349517,
        0.21600000036414713,
        0.21689999266527593,
        0.21389999892562628
    ],
    "total_user_latency": 17.27050000044983
}