{
    "poly_decrypt": [
        1.4402999950107187,
        1.919999995152466,
        1.4059999957680702,
        1.513299997895956,
        1.4436999917961657,
        1.552000001538545,
        1.7377999902237207,
        1.4463999978033826,
        1.5051999944262207,
        1.3800000015180558
    ],
    "morton_reverse": [
        0.22909999825060368,
        0.22329999774228781,
        0.21549999655690044,
        0.2209999947808683,
        0.21899999410379678,
        0.2179000002797693,
        0.22139999782666564,
        0.4258999979356304,
        0.2294999867444858,
        0.2145000034943223
    ],
    "total_user_latency": 18.08000000892207
}