{
    "dilithium_verify": 6.686290998914046,
    "kyber_decap": [
        2.3970829988684272,
        2.5084159988182364,
        2.6563749997876585,
        2.3699169996689307,
        2.409750000879285,
        2.314583000043058,
        2.3045839989208616,
        2.3339170002145693,
        2.2485000008600764,
        2.2669579993817024
    ],
    "aes_gcm_decrypt": [
        0.028000000384054147,
        0.006541000402648933,
        0.004207999154459685,
        0.002791999577311799,
        0.0028340000426396728,
        0.002749999111983925,
        0.002708000465645455,
        0.002666000000317581,
        0.002708000465645455,
        0.0026249999791616574
    ],
    "total_user_latency": 30.592083001465653
}