{
    "poly_decrypt": [
        0.8603750011388911,
        0.7990410013007931,
        0.8145409992721397,
        0.8177499985322356,
        0.824708000436658,
        0.8140000009007053,
        0.8257499994215323,
        0.9252910003851866,
        0.8070410003711004,
        0.8310409994010115
    ],
    "morton_reverse": [
        0.16266700004052836,
        0.16191700160561595,
        0.15108299885469023,
        0.15625000014551915,
        0.15816700033610687,
        0.15270800031430554,
        0.16112499906739686,
        0.15466699915123172,
        0.1535420014988631,
        0.1571669999975711
    ],
    "total_user_latency": 9.907457999361213
}