{
    "dilithium_verify": 12.273000000277534,
    "kyber_decap": [
        3.75960000383202,
        3.7318000104278326,
        3.7855999980820343,
        3.8093000039225444,
        3.806099994108081,
        4.104000006918795,
        4.521700000623241,
        3.985700008342974,
        3.8740000018151477,
        4.123200007597916
    ],
    "aes_gcm_decrypt": [
        0.03609999839682132,
        0.007999988156370819,
        0.005900001269765198,
        0.005199995939619839,
        0.005299996701069176,
        0.006100002792663872,
        0.019699989934451878,
        0.0050000089686363935,
        0.006199989002197981,
        0.005599998985417187
    ],
    "total_user_latency": 51.93800000415649
}