{
    "poly_decrypt": [
        1.4196999982232228,
        1.3575000048149377,
        1.3633000053232536,
        1.3802999892504886,
        1.3621000107377768,
        1.505599997472018,
        1.3967999984743074,
        1.3519000058295205,
        1.3633000053232536,
        1.3528999988920987
    ],
    "morton_reverse": [
        0.2330999996047467,
        0.2148000057786703,
        0.21059998834971339,
        0.22780000290367752,
        0.21440000273287296,
        0.21460000425577164,
        0.21349999587982893,
        0.21330000890884548,
        0.21019999985583127,
        0.24110000231303275
    ],
    "total_user_latency": 16.0875000001397
}