{
    "poly_decrypt": [
        0.8352919976459816,
        0.8015829953365028,
        0.8350420102942735,
        0.8547909965272993,
        0.810750003438443,
        0.803167000412941,
        0.8003750117495656,
        0.9301250101998448,
        0.8327499963343143,
        0.8559999987483025
    ],
    "morton_reverse": [
        0.1584999990882352,
        0.15208299737423658,
        0.15366601292043924,
        0.15108300431165844,
        0.15929099754430354,
        0.15266700938809663,
        0.15216700558084995,
        0.1571669999975711,
        0.15341700054705143,
        0.15795799845363945
    ],
    "total_user_latency": 9.931499997037463
}