{
    "dilithium_verify": 7.182667002780363,
    "kyber_decap": [
        2.643166997586377,
        2.6832500007003546,
        2.5201660027960315,
        2.3786670062690973,
        2.309292001882568,
        2.289124997332692,
        2.6211669901385903,
        2.260749999550171,
        2.523165996535681,
        2.322790998732671
    ],
    "aes_gcm_decrypt": [
        0.03229199501220137,
        0.00654099858365953,
        0.0036249984987080097,
        0.003125009243376553,
        0.0029170041671022773,
        0.0028329959604889154,
        0.002582994056865573,
        0.0027089990908280015,
        0.002582994056865573,
        0.0027080095605924726
    ],
    "total_user_latency": 31.863790994975716
}