{
    "poly_decrypt": [
        1.5251000004354864,
        1.356399996438995,
        1.4073000056669116,
        1.4571999927284196,
        1.4205000043148175,
        1.7594000091776252,
        1.4848999999230728,
        1.3932000001659617,
        1.3725000026170164,
        1.556699993670918
    ],
    "morton_reverse": [
        0.23940000392030925,
        0.2173000102629885,
        0.23960000544320792,
        0.22390000231098384,
        0.23010000586509705,
        0.2280000044265762,
        0.22370000078808516,
        0.22869999520480633,
        0.2153999957954511,
        0.3662000090116635
    ],
    "total_user_latency": 17.204199990374036
}