{
    "dilithium_verify": 11.530699994182214,
    "kyber_decap": [
        3.7001000018790364,
        3.6973999958718196,
        3.6675000010291114,
        3.6918999976478517,
        3.723100002389401,
        3.66550000035204,
        3.6822999973082915,
        3.7204999971436337,
        4.832499995245598,
        3.8253000093391165
    ],
    "aes_gcm_decrypt": [
        0.034199998481199145,
        0.00829999044071883,
        0.005399997462518513,
        0.005099995178170502,
        0.005099995178170502,
        0.006800008122809231,
        0.004799992893822491,
        0.005199995939619839,
        0.004999994416721165,
        0.0047000066842883825
    ],
    "total_user_latency": 49.878799996804446
}