{
    "poly_decrypt": [
        0.81291698734276,
        0.7475420134142041,
        0.7418750028591603,
        0.7483749941457063,
        0.7954169996082783,
        0.767707999330014,
        0.7741670124232769,
        0.8467079896945506,
        0.8089999901130795,
        0.7757080020383
    ],
    "morton_reverse": [
        0.14762498904019594,
        0.14129202463664114,
        0.14195797848515213,
        0.1443750225007534,
        0.14679101877845824,
        0.14695798745378852,
        0.14916600775904953,
        0.14854100299999118,
        0.14920899411663413,
        0.1506249827798456
    ],
    "total_user_latency": 9.296167001593858
}