{
    "dilithium_verify": 6.315874983556569,
    "kyber_decap": [
        2.179082977818325,
        2.251333004096523,
        2.224541996838525,
        2.1768340084236115,
        2.246291987830773,
        2.1517089917324483,
        2.1747919963672757,
        2.1892079967074096,
        2.2356249974109232,
        2.3702910111751407
    ],
    "aes_gcm_decrypt": [
        0.01462499494664371,
        0.0036660057958215475,
        0.002749991836026311,
        0.0026250199880450964,
        0.0024590117391198874,
        0.0023329921532422304,
        0.002375018084421754,
        0.002416985807940364,
        0.0023339816834777594,
        0.0022920139599591494
    ],
    "total_user_latency": 28.563792002387345
}