{
    "dilithium_verify": 6.331249998765998,
    "kyber_decap": [
        2.288374991621822,
        2.2584169928450137,
        2.542624992202036,
        2.2504999942611903,
        2.2332910011755303,
        2.277208986924961,
        2.197583991801366,
        2.3070410097716376,
        2.295041995239444,
        2.4340829986613244
    ],
    "aes_gcm_decrypt": [
        0.03025001205969602,
        0.004666988388635218,
        0.0031249946914613247,
        0.0028750073397532105,
        0.0027909991331398487,
        0.0026670022634789348,
        0.002582994056865573,
        0.002540997229516506,
        0.0027080095605924726,
        0.002625005436129868
    ],
    "total_user_latency": 29.500083008315414
}