{
    "dilithium_verify": 12.200100001791725,
    "kyber_decap": [
        4.060700000991346,
        4.120800000237068,
        3.9431000004697125,
        3.9832999973441474,
        3.9685000010649674,
        3.9862999983597547,
        6.122599999798695,
        6.118699999206001,
        5.575299997872207,
        3.7742999993497506
    ],
    "aes_gcm_decrypt": [
        0.03339999966556206,
        0.007299997378140688,
        0.005500001861946657,
        0.005900001269765198,
        0.004800000169780105,
        0.00799999907030724,
        0.004800000169780105,
        0.004699999408330768,
        0.004500001523410901,
        0.004800000169780105
    ],
    "total_user_latency": 58.000799999717856
}