{
    "dilithium_verify": 16.1015000048792,
    "kyber_decap": [
        4.613600001903251,
        4.975499992724508,
        4.935599994496442,
        5.68419999035541,
        4.249300007359125,
        4.887400005827658,
        4.437600000528619,
        4.283500005840324,
        4.850799989071675,
        4.530999998678453
    ],
    "aes_gcm_decrypt": [
        0.04149999585933983,
        0.008200004231184721,
        0.006000002031214535,
        0.004999994416721165,
        0.005399997462518513,
        0.005199995939619839,
        0.0051000097300857306,
        0.0047000066842883825,
        0.006000002031214535,
        0.004799992893822491
    ],
    "total_user_latency": 63.72849999752361
}