{
    "poly_decrypt": [
        1.373700000840472,
        1.3653999994858168,
        1.4884999982314184,
        1.3803999972878955,
        1.5604000000166707,
        1.425900001777336,
        1.5039999998407438,
        1.348199999483768,
        1.4473000010184478,
        1.3734999993175734
    ],
    "morton_reverse": [
        0.22729999909643084,
        0.21529999867198057,
        0.21879999985685572,
        0.21330000163288787,
        0.23630000214325264,
        0.21799999740323983,
        0.2282999994349666,
        0.2609000002848916,
        0.22979999994277023,
        0.21460000061779283
    ],
    "total_user_latency": 16.566800000873627
}