{
    "poly1305_verify": 0.15539999003522098,
    "lattice_noise_cancel": 1.4995999954408035,
    "poly_decode": 1.162899992777966,
    "aes_gcm_decrypt": 0.11920000542886555,
    "total_user_latency": 3.414799997699447
}