{
    "poly1305_verify": 0.1609999999345746,
    "lattice_noise_cancel": 1.7450000013923272,
    "poly_decode": 1.1516000013216399,
    "aes_gcm_decrypt": 0.09479999971517827,
    "total_user_latency": 3.18890000016836
}