{
    "poly1305_verify": 0.5940999981248751,
    "lattice_noise_cancel": 2.9728000081377104,
    "poly_decode": 1.2968999944860116,
    "aes_gcm_decrypt": 0.16060000052675605,
    "total_user_latency": 5.245499996817671
}