{
    "poly1305_verify": 0.24859299992385786,
    "lattice_noise_cancel": 6.453851999935978,
    "poly_decode": 1.971087000015359,
    "aes_gcm_decrypt": 0.17990599997119716,
    "total_user_latency": 9.146103999910338
}