{
    "poly1305_verify": 0.18869999985327013,
    "lattice_noise_cancel": 1.4885999999023625,
    "poly_decode": 1.186999999845284,
    "aes_gcm_decrypt": 0.09030000001075678,
    "total_user_latency": 2.9991000001245993
}