Speed Spread (max/min rate ratio),Round-Robin,Least-Queue,Spider (Ours)
1.0,229115.8542252332,227995.55908066215,228969.463055845
1.5,284168.3255450393,283974.88260620116,281396.77651564055
2.0,329963.9513780828,326998.31215923507,319097.58007268485
2.5,366452.15267560433,361610.52809300035,345815.70913759846
3.0,383539.9029352292,378405.6727314447,359308.8567587838
4.0,415346.78764927783,406175.7202936006,379269.7816681673
5.0,436177.93719501846,425423.52622750856,396022.8326236948
