Number of Attributes,Ref[4],Spider (Ours)
5,0.4316999998081883,0.9478000001763576
10,0.764699999763252,1.4078999997764186
15,1.0667000001376437,1.9993999999314838
20,1.4031000000613858,2.532900000005611
25,1.712000000225089,3.095699999903445
30,2.0506999999270192,3.698500000155036
35,2.381599999807804,4.354499999863037
40,2.7657999999064486,4.827799999929994
45,3.011499999956868,5.427600000075472
50,3.395600000203558,6.084099999952741
