Number of Fog Nodes,No FT,Centralized HB,Full Checkpoint,Round-Robin,Least-Queue,Spider-FT (Ours)
10,0.0,36.53504229998212,68.65092984299642,30.02940782501261,26.579809408259017,16.71205639495007
20,0.0,34.112845420961364,86.49290738491032,30.17777036257703,25.514481324897204,16.738713514317922
30,0.0,37.45259746631758,82.03080923879342,28.56478692940792,24.253399182907742,15.059721948125533
40,0.0,33.619184596884395,72.33122212480336,34.14293253845922,25.450521340407892,17.15111451259347
50,0.0,36.43659477423768,74.21669835295711,28.233845355402813,27.607508495836704,16.596885207690608
