Number of Fog Nodes,Ref[22],Ref[37],Ref[39],Spider (Ours)
2,2196.6893001179187,2026.5298301155697,2013.0810375517228,2023.8683908980192
4,175.68812447922477,158.1269689551019,161.10674767088992,147.28089328651353
6,81.14359832372537,60.439637561814266,60.89677698248832,60.92482994810614
8,82.06031398312385,60.55276307900876,60.437080495053166,60.933192343619424
10,63.06366718871044,61.838241150573154,59.748315817263304,56.82370566275307
12,50.339269018786666,54.8470316928892,48.125129529538626,43.303189717335684
