Number of Attributes,Ref[4],Spider (Ours)
5,13.396167375685764,12.439268275920767
10,24.723623300815234,24.197170499610365
15,36.69758777432435,35.70307172485627
20,47.52975054871058,47.99401892560127
25,59.461790349450894,59.84914227556146
30,72.7320688234613,75.65280339986202
35,87.03130180074368,83.42468044938869
40,95.09735107312736,96.32639144911082
45,108.57512112452241,105.95722120087885
50,117.5974985009816,117.37229647369531
