Speed Spread (max/min rate ratio),Round-Robin,Least-Queue,Spider (Ours)
1.0,4836755.707203173,4836477.433118295,4836701.031381142
1.5,5957571.370821025,5946085.15199201,5905779.680429434
2.0,6903818.406985706,6869069.973968362,6680019.90672506
2.5,7629624.801815638,7556576.394485209,7209329.728974819
3.0,7910038.994362729,7830087.1130145155,7441256.348804231
4.0,8328505.18278249,8228839.093029898,7756947.10517646
5.0,8619764.46164788,8515213.587542381,7970278.418772813
