Failure Rate (%),No FT,Centralized HB,Full Checkpoint,Round-Robin,Least-Queue,Spider-FT (Ours)
5,96.66666666666667,99.33928013868739,99.56165850219745,99.06440592169669,99.26355368606569,99.86161857383455
10,90.0,97.64152543243931,98.58713486356746,97.00419576361898,97.44045849451689,99.46112294515663
15,86.66666666666667,96.69716239910282,97.91330026507522,96.21110417417017,96.42916295450792,99.32779422359036
20,80.0,95.08126890855718,96.77365385098099,92.96990864469656,94.3461157168947,98.7102067362823
25,76.66666666666666,94.2128511467041,96.19695945348423,92.2212590048662,93.39292754816759,98.644233664641
