Failure Rate (%),No FT,Centralized HB,Full Checkpoint,Round-Robin,Least-Queue,Spider (Ours)
5,89.4,93.0,92.9,91.10000000000001,92.0,92.80000000000001
10,78.5,87.7,87.4,81.0,84.39999999999999,88.8
15,78.2,91.2,91.8,86.9,87.7,91.8
20,71.2,90.9,90.9,78.4,79.60000000000001,91.10000000000001
25,66.60000000000001,88.6,88.7,74.3,75.8,89.7
