Number of Attributes,Ref[4],Spider (Ours)
5,14.00646749993939,13.61647499998071
10,25.69943000002013,25.45101250003654
15,35.87745999998333,35.47081500000786
20,46.87178499998481,47.33871500002351
25,59.040410000079646,57.55720249997012
30,71.76911499999505,71.30313750005826
35,81.58285999998043,82.27123999996593
40,99.9807674999829,97.33122250001998
45,109.72262250004405,105.73404750002737
50,124.2140175000145,117.26775500001168
