Number of Fog Nodes,Centralized HB,Full Checkpoint,Round-Robin,Least-Queue,Spider (Ours)
10,59.88749976972901,84.05473939806348,81.63944672598377,60.963741397190965,36.51327780590632
20,56.95438347854296,62.387967985669796,77.7642600347782,56.73936313704487,34.236775836020485
30,54.76501535398486,79.37905797877967,104.48934930836215,68.20690203499811,32.48718894014947
40,63.36863023599633,66.85049946185953,81.54954497125597,72.41511703808868,33.19571697597847
50,53.07959007401561,70.45768921812777,84.02998048926507,68.3084802235502,34.39357383134882
