Number of Attributes,Ref[4],Spider (Ours)
5,0.5088000007162918,1.1861000002681976
10,0.8704000001671375,1.6867999993337435
15,1.1722999997800798,2.4051000000326894
20,1.5188999996098573,3.1120000003284076
25,1.8654999994396348,3.4524000002420507
30,3.088999999818043,5.049600000347709
35,2.7569000003495603,5.77889999931358
40,3.139700000247103,5.770699999629869
45,3.853799999887997,6.027899999935471
50,4.107300000214309,7.815699999810022
