Speed Spread (max/min rate ratio),Round-Robin,Least-Queue,Spider (Ours)
1.0,15725.026590874804,15823.553110746245,15774.631967652433
1.5,19734.118108433653,19754.010876181204,19549.671652011843
2.0,23101.562255415687,22768.340283585032,22331.120405228925
2.5,26046.736139749857,25423.959102805726,24203.27056488301
3.0,28821.134217613566,27779.310048089665,25741.965036654616
4.0,33786.100804442096,31853.64663951408,28172.86411659854
5.0,36937.67574588311,34576.93293940724,29453.76335715529
