Number of Fog Nodes,Ref[22],Ref[37],Ref[39],Spider (Ours)
2,2502.2067722582506,2494.908446520729,2512.9610379487094,2510.4706948051726
4,574.3644735954026,575.9911597438961,581.7936057828869,576.4901997570214
6,80.34838577875591,80.59252484014853,80.70473352371131,79.92082603691796
8,68.3266920226283,68.35720386351116,68.37835641627632,67.93335507943078
10,65.8679083188054,65.8792560410915,65.91851116359132,65.60490194578195
12,66.45118334805477,66.58904415437468,66.4930755531519,65.75157101881786
