Failure Rate (%),No FT,Centralized HB,Full Checkpoint,Round-Robin,Least-Queue,Spider (Ours)
5,65.2,66.8,68.4,63.7,64.3,67.2
10,64.60000000000001,74.2,74.0,66.0,67.9,75.2
15,57.699999999999996,70.0,70.19999999999999,60.199999999999996,61.9,70.8
20,56.699999999999996,70.3,65.8,52.800000000000004,59.099999999999994,71.1
25,53.5,57.49999999999999,59.0,50.8,54.400000000000006,61.199999999999996
