Speed Spread (max/min rate ratio),Round-Robin,Least-Queue,Spider (Ours)
1.0,20163.07892989042,20248.984650515747,20193.72951166057
1.5,25046.13228485173,25067.62890336194,24825.028032863156
2.0,29158.53574292836,28892.47235937555,28160.575288929685
2.5,32800.76391229562,32221.301348769783,30464.278426369805
3.0,36209.18611059834,35232.89534149814,32365.787350687304
4.0,42376.20625867396,40570.41590616891,35193.21135447841
5.0,46482.66811335135,44212.33980972955,36849.12153422902
