Number of Fog Nodes,Ref[22],Ref[37],Ref[39],Spider (Ours)
6,62.00015914026304,52.34022709403224,51.166777607810154,48.314400469189984
8,54.049049364280954,50.595177203089534,50.85862536752291,46.13868410264631
10,59.214155234786034,59.48109889561085,58.74107329078186,50.32712536173116
12,53.51505902661909,53.8865028609144,50.45885690660792,43.703264617512474
14,54.89904904084616,52.62953450133701,50.97467406865288,43.37807620179051
