Number of Fog Nodes,Ref[22],Ref[37],Ref[39],Spider (Ours)
2,3167.687235720467,3200.419368633057,3204.73972304262,3197.916004923692
4,71.02285018097396,71.08627025744867,70.98164552669411,70.73755231048331
6,66.80195659329105,67.0146017924519,66.88385237592101,66.50565088641285
8,66.43257751509601,66.40167268417953,66.48734299461506,65.84786031790298
10,66.0452491249244,66.15292718742043,66.12119203579867,65.43738482152538
12,66.17100886788857,66.54736418753555,66.45100396541449,65.0545776397167
