Number of Fog Nodes,Ref[22],Ref[37],Ref[39],Spider (Ours)
2,2599.6390589629536,2593.849368702876,2612.725044083376,2610.32620824942
4,632.9177541472314,634.0130547097656,640.6514508386073,635.450378633696
6,78.71494911936111,79.36514472718177,79.20947798368091,78.56390610120557
8,67.80757702835645,67.89799146362506,67.93214364648426,67.51842240717042
10,66.2890563713216,66.2944898111997,66.3039647104573,65.94113922191637
12,66.89202091978464,67.07621842529562,66.96230591433002,66.15052074123463
