Number of Fog Nodes,Ref[22],Ref[37],Ref[39],Spider (Ours)
2,1615.886585943831,1602.9831804902674,1598.8395189285882,1610.4705129873812
4,110.31360131041355,78.32146542379868,77.45900310850192,80.42617244831015
6,98.20524765304144,66.29016190227811,65.49094223776433,69.612492707367
8,70.20212270873125,61.00897860712708,59.82882803850337,58.89887814359428
10,59.59056344835818,58.66688089219718,55.278278220766424,51.04486926137418
12,54.2590272994127,58.66688089219718,51.47274542573952,47.14126430312335
