Speed Spread (max/min rate ratio),Round-Robin,Least-Queue,Spider (Ours)
1.0,52713.54675693078,52732.00505013575,52608.63307449214
1.5,64374.44788173268,64558.22256675836,63737.26377759716
2.0,74301.07930119245,74229.57763953834,71225.4360206609
2.5,83196.06364794602,82781.13737168963,76735.0580774774
3.0,91522.57742867999,90816.41480050773,81086.35298484961
4.0,106717.9717408054,105278.34427362753,87112.49513985513
5.0,119102.8154922142,117643.76981048354,91174.05931139278
