Number of Fog Nodes,Ref[22],Ref[37],Ref[39],Spider (Ours)
6,68.57429021752613,68.54541166827423,68.51918188437614,67.96353433843493
8,66.31857237507289,66.38859257423523,66.34840778021274,65.89657122332193
10,65.09063003480527,65.5224313773143,65.33156228239622,64.96474203407534
12,64.71516137074165,64.95712855409705,64.92621545649864,64.46047458799355
14,64.59304207030779,64.85701549164372,64.92361801862778,64.16167637307112
