Number of Fog Nodes,Ref[22],Ref[37],Ref[39],Spider (Ours)
2,1610.3380074014644,1603.5811310028105,1585.7634454801862,1602.412989532267
4,110.11943835989193,77.74961157708469,79.31565342001555,81.31542089533154
6,99.576412214092,65.35675084000596,66.04724210500054,68.68880495386009
8,70.34359355335475,60.59994046037914,58.751492071674456,57.84344589219049
10,60.38178355351472,57.07150194490515,53.979715246244176,50.53005899054043
12,54.72534301949384,57.07150194490515,51.1093702059289,46.510228377293714
