Number of Attributes,Ref[4],Spider (Ours)
5,12.338455000463,12.175792500238458
10,22.858139999880223,23.371750000205793
15,33.475292500224896,33.96595999993224
20,45.10191249983109,45.97090749994095
25,56.218845000330475,55.31355499979327
30,67.75489000001471,66.20809000041845
35,80.70620250009597,78.45276750013
40,89.9148475000402,89.56394749984611
45,103.27538250012367,100.00360499989256
50,116.96645750016614,110.44191499959197
