Number of Attributes,Ref[4],Spider (Ours)
5,0.5321999999523541,1.1323000001084438
10,0.8422999999311287,1.7800000000534055
15,1.2627000000975386,2.256000000215863
20,1.7135000000507716,3.1735999998545594
25,2.2484999999505817,3.895900000088659
30,2.3115000001325825,4.568400000152906
35,2.9623000000356114,5.032000000028347
40,3.82909999984804,6.124400000089736
45,3.76830000004702,7.30110000017703
50,4.082200000084413,7.440800000040326
