Number of Fog Nodes,Centralized HB,Full Checkpoint,Round-Robin,Least-Queue,Spider (Ours)
10,61.99571985876146,51.29184350390887,93.01729446294621,58.646834627249035,38.12331155606242
20,58.042672374388,78.92143667850092,80.40305060549996,59.23138368322566,35.23813502958807
30,54.509835469809836,71.11735348990292,108.9573732497402,68.69010301074864,33.45815668422018
40,62.73410006041513,78.18504676725132,84.2800898037906,71.53822953302964,34.1884138899888
50,53.454455674179734,81.55123931251921,87.07756141916208,67.49224403788824,35.59759097645873
