Number of Fog Nodes,Ref[22],Ref[37],Ref[39],Spider (Ours)
2,8748.379854896331,8766.929950028903,8745.58460704103,8766.504152322226
4,68.57926045028142,68.5049079739201,68.45654122819762,68.4464437426024
6,65.23905452878272,65.26609517022942,65.26905548183942,64.83828572638201
8,64.8193494313101,64.7936919264298,64.83522579139623,64.19405735935025
10,64.62038070209182,64.57283443423209,64.62021542076306,64.28576782620782
12,64.21033685701792,64.41359633353856,64.43274743033899,63.361891735709996
