Number of Fog Nodes,Ref[22],Ref[37],Ref[39],Spider (Ours)
2,124.3932090824218,118.25552845702433,158.77775809397593,118.01451884786928
4,66.3648010139342,63.28116194956415,67.94376144260167,61.287397437788336
6,56.15285075932935,56.656792581292514,60.5065112509438,49.28136512382271
8,54.84839881601541,64.59670321166706,67.29090051802655,52.363820460326366
10,60.83706620288275,65.62414011662183,65.4372975093938,54.03497021419029
12,48.31157958477444,65.23830125487656,62.24255926051775,41.16522966359025
