Speed Spread (max/min rate ratio),Round-Robin,Least-Queue,Spider (Ours)
1.0,295837.65355145675,295050.9228295776,295590.19974836207
1.5,362474.25234404905,362261.5381073024,358577.20458606025
2.0,417587.27497566806,416047.5685253965,402882.8612326188
2.5,468180.5457032663,465686.3931896873,437008.40285461524
3.0,513658.08213357575,509083.3891029309,462457.82332675974
4.0,598074.73154649,588611.4834963169,499694.26023663115
5.0,652492.9806053815,641377.0870200153,524988.1972896655
