Number of Attributes,Ref[4],Spider (Ours)
5,11.919199925159774,13.089867624967155
10,24.842099875513668,27.55273329994452
15,39.05687497526742,41.555885399793624
20,52.00641879991963,54.971778175149666
25,68.13376767486261,69.00488652499916
30,80.25084692499149,83.55713747487243
35,93.8318676747258,95.53655425024772
40,111.36889380022694,112.81959677471605
45,123.56197497492758,125.61740315013594
50,139.66813430006368,142.47161774974302
