Speed Spread (max/min rate ratio),Round-Robin,Least-Queue,Spider (Ours)
1.0,6376012.279669146,6375859.260276115,6375839.228364844
1.5,7786424.976095863,7778829.127733359,7719554.432503885
2.0,8979596.419507988,8955468.63654301,8688619.126916952
2.5,9924678.271426067,9879200.213802619,9373084.496937316
3.0,10391338.82410087,10335597.378503194,9737556.345699191
4.0,11154255.017154459,11078960.012431389,10281408.145174637
5.0,11703912.444264675,11624193.107464302,10667013.536512394
