Failure Rate (%),No Fault-Tolerance,Centralized Heartbeat,Full Checkpoint,Round-Robin Recovery,Least-Queue Recovery,Spider (Ours)
5,101.48716184059762,80.92892004648172,83.06368588481102,43.91472052627745,50.1013546349286,45.12815141064093
10,161.7042349940113,123.34085867247747,93.77974087873572,60.628180384858126,47.40416706255498,42.28835235609655
15,241.0216675583474,189.57381848235178,127.7566745302073,79.75185886057628,84.5963144435277,66.33829567429684
20,301.2549759341179,226.91379522763958,172.32972876080782,119.68889171742049,87.72722891440704,91.51633287487297
25,413.01276091691045,309.3911720203516,193.89493433014414,114.96495897835085,117.35186952779362,94.66073181125596
30,537.6859346588178,406.2059148437246,197.0342500625654,174.2024372128042,166.94972186884354,105.4535011810123
35,635.7433328273668,413.2605532322072,246.45450169772266,170.67309518338325,129.0647436426901,152.5686513866891
40,894.938493719833,547.6197095310032,319.57569642511754,262.9619363868677,253.9849047046707,160.68975042766363
