Number of Fog Nodes,Centralized HB,Full Checkpoint,Round-Robin,Least-Queue,Spider-FT (Ours)
10,54.464538472863595,74.26953932209389,70.90568761514226,68.77685560345901,42.999946599968126
20,58.48212060601489,60.89767420356956,105.72092521516794,75.91103164080005,37.17438841561559
30,55.18935408943207,70.2742968487975,84.50333081096785,66.07519648169307,37.15195736867175
40,50.73623348717052,65.87897954816708,80.50883811624219,63.319550837925306,33.00899817788744
50,52.67999633063462,56.80976994063248,79.81701537037713,60.81188836101331,32.13041883715772
