Number of Fog Nodes,Ref[22],Ref[37],Ref[39],Spider (Ours)
2,2308.1968198065733,2293.4730467873032,2318.637582876819,2315.96864889239
4,479.3043757469872,479.8247371645426,474.4924169068986,472.3707392538288
6,73.87186472882959,75.90474301065537,73.22287498253183,74.01007447928626
8,66.33094626452021,66.36219232880538,66.17487256635688,66.81575982911774
10,64.19293268061735,66.23601508684384,64.73642410289091,64.9085398761604
12,64.19293268061735,66.23601508684384,64.64008652635103,64.9085398761604
