Number of Fog Nodes,Ref[22],Ref[37],Ref[39],Spider (Ours)
2,3006.4959523118446,3009.2704190694717,2662.0574238987674,2928.1296144919693
4,77.78470213353518,63.441721346948775,104.6463374695621,69.82349031839145
6,49.4752177614994,56.3044726706908,52.21445655629042,50.22511464124454
8,70.19782837431949,70.52531570208053,67.2413963420417,71.59310014185584
10,63.870555848167015,67.83215052423509,64.9995034810826,59.88151441216507
12,56.553856633055354,67.48478755235216,53.749249584702206,47.97750126721523
