Speed Spread (max/min rate ratio),Round-Robin,Least-Queue,Spider (Ours)
1.0,25898.928416018894,25964.00318776307,25898.603632478713
1.5,31931.32285138689,32004.711063044437,31622.358559704702
2.0,37038.88454827467,36815.74383358352,35704.922584233296
2.5,41607.2922400514,41053.32558131811,38574.10378781866
3.0,45860.249086082695,44996.50576531839,40900.70650125784
4.0,53584.29083691086,51778.81997514432,44339.114193347516
5.0,59044.16837786856,57073.00201673686,46420.43239673368
