Number of Attributes,Ref[4],Spider (Ours)
5,15.867100000468781,15.088407500024914
10,29.83217249975496,28.828647500449733
15,45.020007499806525,44.38903500004017
20,58.98634500008484,59.723112500159914
25,72.07199750018844,71.44178000016836
30,88.8895875002163,87.51238249960807
35,102.46111249998648,100.98473250027382
40,117.00945500006128,115.3953325000657
45,126.70057000041197,129.96620250005435
50,143.6779050000041,143.8824349997958
