Number of Attributes,Ref[4],Spider (Ours)
5,0.44180000259075314,0.9255999902961776
10,0.8005999989109114,1.4685999922221527
15,1.0934000019915402,2.122100006090477
20,1.4334999868879095,2.6443999959155917
25,1.761200008331798,3.274200003943406
30,2.078099991194904,3.8982000114629045
35,2.4142000038409606,4.493400003411807
40,2.72170000243932,5.067400008556433
45,3.1546999962301925,5.63010000041686
50,3.3961000008275732,6.402200000593439
