Number of Attributes,Ref[4],Spider (Ours)
5,0.635935997706838,1.314969005761668
10,1.0558659996604547,1.6685559967299923
15,1.5806340088602155,2.614409997477196
20,1.929666002979502,3.269444001489319
25,2.3958789970492944,4.2833790066652
30,2.9508570005418733,5.009781991248019
35,3.2758019951870665,5.811057999380864
40,3.501122002489865,6.5387679933337495
45,4.0334039949811995,7.056778995320201
50,4.557336011203006,7.839365003746934
