Number of Fog Nodes,Centralized HB,Full Checkpoint,Round-Robin,Least-Queue,Spider (Ours)
10,53.24568185187262,67.13655739478402,62.59554707410849,54.48467121143453,30.361508723727454
20,49.602828819163506,74.06167825110523,82.739243219757,62.43795639581062,38.30116720452163
30,55.87490353660655,83.51622869551991,79.55006373726836,65.50066954622525,35.42118015903158
40,54.83309888513094,63.39465771284939,86.23974152078944,68.65484177210637,32.35580775555491
50,53.525393166056894,65.47045604227462,83.4762240739183,62.688773135039106,34.72256753643073
