Number of Fog Nodes,Centralized HB,Full Checkpoint,Round-Robin,Least-Queue,Spider-FT (Ours)
10,102.35286498139939,61.607605141833815,87.70335578139772,91.61799749449719,58.031181333039534
20,77.42179027430622,47.78896050852182,71.96260143114168,71.04916289436005,46.73457521048603
30,77.69332132600553,47.49755733975019,65.30748528342912,65.33707681555963,45.118765691678654
40,89.76534795088514,50.697267551310645,64.98679213168053,63.19798414846357,47.591801159477534
50,68.5697303961158,47.50447998781362,63.41465316140722,64.37111748181871,40.116288947941065
