Number of Attributes,Ref[4],Spider (Ours)
5,31.110932500064337,31.053102500050045
10,62.60319500004243,65.91417749998527
15,91.87404249994415,98.2457974999761
20,130.84716000000753,131.7296400000032
25,164.28790249997292,166.5809800000943
30,196.57365250002385,194.59428249997472
35,221.48748249999244,225.08665499995004
40,256.06980250001925,255.80189000002065
45,282.0419900000161,285.6413350000821
50,322.49521000001096,320.07256250005867
