Number of Attributes,Ref[4],Spider (Ours)
5,27.37216250000074,28.144092499996987
10,55.120270000008986,57.40744000001996
15,83.52468750000526,90.17210999995768
20,118.1896974999404,122.03778250003552
25,153.2958300000132,155.88701999996601
30,192.8133474999413,200.82982750000156
35,223.96808749992942,219.19898000001012
40,250.4383900000107,278.62033750000137
45,300.46569500001397,308.54391250003346
50,348.62496500003317,344.24096499994903
