Number of Attributes,Ref[4],Spider (Ours)
5,0.8648000002722256,1.6804999995656544
10,1.312599999437225,2.3339999997915584
15,1.6904999993130332,3.194400000211317
20,2.6129999996555853,3.957099999752245
25,2.8795999996873434,5.183699999179225
30,3.7375000001702574,6.068599999707658
35,4.488100000344275,6.78180000068096
40,4.582099999424827,8.347899999535002
45,4.787900000337686,8.930099999815866
50,6.581099999493745,9.310800000093877
