Number of Fog Nodes,Centralized HB,Full Checkpoint,Round-Robin,Least-Queue,Spider-FT (Ours)
10,77.69515235179526,58.90123159310373,80.30765444256646,70.07978633972527,40.26633155062855
20,93.56747619530029,73.98330029200993,100.68475923847991,63.422667542538285,35.5029084522158
30,87.58608465633259,65.58502054021393,82.27568461119611,68.77387091762702,36.69727943855313
40,90.14785529301967,64.95670192979611,87.1809708414506,63.51551498418763,32.14558704794443
50,84.307979068188,61.554290485374246,79.03286250164115,67.37988728860022,32.54284672838401
