Number of Fog Nodes,Ref[22],Ref[37],Ref[39],Spider (Ours)
6,70.3027011280845,58.86312416885504,61.51003629537303,57.24689083622821
7,63.42145747205558,60.197094553399765,62.289767963951086,53.37565426248078
8,64.27987802966629,59.55677444473538,57.827021953175716,52.91670162239541
9,63.51581061068862,56.35349353239647,55.14766202936359,49.71504342952338
10,58.04410496481525,58.31997105772885,55.15808027565975,49.77831265061768
11,61.83400149255427,58.07360298050412,55.14801891894547,48.105311696495235
12,56.87525528721632,55.426660495950145,53.43192501113184,46.40630127305574
13,56.006407777258694,55.70315787968263,52.92577694533992,44.36621198774675
14,54.93829944807513,54.65213973603508,52.3580381941238,44.15308749293195
