Number of Attributes,Ref[4],Spider (Ours)
5,14.749407498675282,13.461999999708496
10,26.698762500018347,26.26919500035001
15,38.66631499986397,37.54106249980396
20,50.50645999981498,49.85832999991544
25,63.80207000001974,64.7733125009836
30,76.74291249932139,78.15617250125797
35,92.05111999981455,86.07728499846417
40,100.84769500135735,99.35229999973672
45,116.17694500091602,110.95257750130259
50,132.23499250088935,121.31553000072017
