Number of Attributes,Ref[4],Spider (Ours)
5,14.279667475045699,13.679810274993542
10,27.11339060000455,26.183314899992638
15,38.9176101249916,38.31775742501691
20,51.531049150025865,50.12554769998019
25,64.35309772498385,63.65963855004111
30,76.79849607505957,76.01085727500276
35,88.08824267493947,87.97286659999486
40,100.35798045000206,99.79263047498534
45,113.58289624998861,112.39279407502636
50,126.31128679998938,124.69786012501913
