Failure Rate (%),No FT,Centralized HB,Full Checkpoint,Round-Robin,Least-Queue,Spider (Ours)
5,87.1,90.7,90.5,88.9,89.1,90.5
10,81.2,91.0,91.10000000000001,88.0,88.0,91.0
15,78.4,92.0,91.60000000000001,82.39999999999999,87.1,91.9
20,73.4,93.4,93.30000000000001,81.0,83.3,93.5
25,68.4,91.0,90.7,75.4,79.80000000000001,91.3
