Number of Fog Nodes,Ref[22],Ref[37],Ref[39],Spider (Ours)
2,1829.2696024355891,1819.0594373260951,1810.6676052297084,1821.743320630948
4,134.89912351234824,105.36793051619975,103.80204463852618,106.25932168369036
6,100.77489070240311,67.6661256203852,69.23391287346482,71.13434828057854
8,72.04695818544323,62.75210992557948,62.05875901228612,59.97881876398847
10,62.32254247441948,58.064494734384866,56.44306331135294,52.88386303878384
12,57.477129124326126,59.2180168183746,53.45880287075305,49.09697926138149
