Number of Fog Nodes,Ref[22],Ref[37],Ref[39],Spider (Ours)
2,2308.1968198065733,2293.4730467873032,2318.637582876819,2315.8357026030335
4,479.3043757469872,479.8247371645426,474.4924169068986,472.2358095319202
6,73.87186472882959,75.90474301065537,73.22287498253183,74.04794611767934
8,66.33094626452021,66.36219232880538,66.17487256635688,66.80833804027974
10,64.19293268061735,66.23601508684384,64.73642410289091,64.8862666114316
12,64.19293268061735,66.23601508684384,64.64008652635103,64.8862666114316
