Speed Spread (max/min rate ratio),Round-Robin,Least-Queue,Spider (Ours)
1.0,9860.446002590576,9920.75205495752,9919.808337316616
1.5,12729.40200664857,12729.80248015097,12608.88851806437
2.0,15188.040233820706,14851.914937754504,14673.607514857209
2.5,17206.75245851747,16572.200357490052,16016.913797454465
3.0,19205.73787052169,18171.28472105681,17112.473937892777
4.0,22666.199641399282,20668.448566302497,18898.45160221248
5.0,24646.31897979905,22301.72870038538,19749.525768898973
