Number of Attributes,Ref[4],Spider (Ours)
5,13.532714999985274,13.667657499991037
10,26.674975000003087,25.3783724999721
15,38.851472499970896,38.98248500001955
20,51.82966749998741,50.2752449999889
25,63.839537499984544,62.53226250005355
30,74.45502499998611,74.63345750001054
35,92.90941499998553,80.72961500000702
40,105.83784000003789,103.18873499996926
45,110.80298750001703,107.13040749999436
50,115.62640250003824,113.75550999998723
