Number of Attributes,Ref[4],Spider (Ours)
5,31.776852500115638,30.80456500283617
10,56.89933250032482,62.60881000016525
15,88.03422749915626,95.47879250058031
20,123.41657250071876,122.85124499940139
25,152.14535749910283,157.42561500082957
30,187.8836300016701,193.96834500003024
35,224.5100825002737,233.49178500102425
40,259.18300499906763,273.56468250072794
45,301.0771825003758,305.1443649990688
50,336.97123999954783,341.20382749970304
