Speed Spread (max/min rate ratio),Round-Robin,Least-Queue,Spider (Ours)
1.0,8419.802830439658,8416.58907758757,8485.607039487248
1.5,11028.108000900313,11010.203073389883,10907.721217172282
2.0,13283.027887368018,12940.09231396695,12809.005317252433
2.5,15087.158681240355,14491.793041307763,14023.26439389156
3.0,16901.118953482095,15815.557560738422,15006.620745892269
4.0,20053.724623895207,18069.072979823417,16638.55369493272
5.0,21747.214860863256,19387.094797542493,17438.235737197294
