Number of Attributes,Ref[4],Spider (Ours)
5,0.9833340000113822,2.4191730001348333
10,1.3754480000898184,2.4895089998153708
15,1.8852430000606546,2.893882000080339
20,2.83919399998922,4.86900600003537
25,2.994913000065935,5.257258000028742
30,3.954405000058614,5.868864000149188
35,3.9245579998805624,7.159641000043848
40,5.046695999908479,9.320991999857142
45,5.486015000087718,9.0840970001409
50,6.217924000111452,9.73153299992191
