Failure Rate (%),No FT,Centralized HB,Full Checkpoint,Round-Robin,Least-Queue,Spider (Ours)
5,71.6,75.5,75.0,73.3,73.5,75.1
10,61.5,69.5,69.89999999999999,62.7,63.5,71.0
15,58.699999999999996,68.5,68.5,57.4,59.699999999999996,71.3
20,56.699999999999996,67.0,61.199999999999996,54.7,56.89999999999999,64.5
25,53.0,48.699999999999996,52.7,48.1,55.00000000000001,59.599999999999994
