Number of Fog Nodes,Centralized HB,Full Checkpoint,Round-Robin,Least-Queue,Spider (Ours)
10,61.77087357074609,67.91456231335377,83.72550351467729,61.656486842975184,36.16269956714505
20,57.02435283320457,65.81100425776447,83.2000202123756,57.476250093802896,33.91976044338198
30,54.22009188146174,79.63526027042292,105.27426632578671,68.58874998538846,32.873924739492985
40,62.40925732601205,73.08408323931779,80.60686589199882,73.87785610258778,33.231995191217116
50,51.71129861830058,61.743156134502044,82.99126986929795,68.02284870670093,34.43568562015958
