Number of Fog Nodes,Ref[22],Ref[37],Ref[39],Spider++ (Ours)
2,833.3637773668756,826.3838306257641,838.4504422683945,832.9612948408148
4,235.1067739938585,235.569974698919,233.011393896489,231.76677637222014
6,70.81548941385813,72.4245635533964,70.17260669643584,70.43913287088581
8,66.67415179588637,66.83906730767494,66.50997525797426,67.3324556244181
10,64.23776625864797,65.97589674660529,65.38961429646747,64.67023978002435
12,63.93261466168279,65.97589674660529,64.33576611725331,64.67023978002435
