Number of Attributes,Ref[4],Spider (Ours)
5,26.94722249998449,27.22002500004237
10,53.748272500070016,56.26557499954288
15,84.04948749994219,87.62407249960233
20,113.41225750020385,116.28274250033428
25,144.1805900003601,149.26638250044562
30,174.39706249988376,177.37001250015965
35,204.5265025001754,210.94262500000696
40,244.47598250008014,247.18442749999667
45,274.61559750026936,270.5802099995708
50,301.67094000007637,300.21207249974395
