Number of Attributes,Ref[4],Spider (Ours)
5,33.116839999979675,35.04819500005851
10,63.57088250002789,67.49841000000742
15,100.3281900000161,106.7613375000974
20,141.42640249998522,145.62384000004158
25,178.660564999916,180.46592750006312
30,211.14434749998736,213.78586249999216
35,254.20430249998844,257.878839999978
40,293.4833600000502,294.0698074999659
45,321.41810999994505,335.97919749998937
50,369.7247650000122,374.2743675000497
