Number of Attributes,Ref[4],Spider (Ours)
5,0.6812999999965541,1.2642000001505949
10,0.8201999989978503,1.6402000001107808
15,1.7282000007980969,2.687399999558693
20,1.66700000045239,3.228999998100335
25,1.8478999991202727,3.513999999995576
30,2.473299999110168,4.34300000051735
35,2.504399999452289,5.336700000043493
40,2.9341999979806133,5.595400001766393
45,3.3545000005688053,6.613099998503458
50,4.587100000208011,6.721900001139147
