Number of Attributes,Ref[4],Spider (Ours)
5,37.159945000041716,38.08164500000544
10,71.16240249997077,77.72425000001704
15,110.21715249999033,121.16814000000886
20,155.59246249997045,162.27397750000137
25,193.84569249997412,211.004212499995
30,238.51192500004572,249.8099150000087
35,276.1410875000081,287.48115750005354
40,323.3754924999971,325.0940500000297
45,361.88598749999414,379.60046000004013
50,411.95230750001883,411.5411649999942
