Number of Attributes,Ref[4],Spider (Ours)
5,13.785889999985557,13.695030000030783
10,25.656742499984375,26.078405000055227
15,37.97105750004448,38.07718749999367
20,51.2311949999912,50.09826750000457
25,63.669389999984105,62.64524499996469
30,76.89601250004898,74.75566499999786
35,93.56367499998441,88.3100550000222
40,101.4115124999762,100.47412499991424
45,115.34436250000226,113.92486500000132
50,126.47658250000404,123.28495250002334
