Number of Attributes,Ref[4],Spider (Ours)
5,0.7217000002128771,1.4914999992470257
10,1.3085000009596115,2.27919999997539
15,2.1580000011454104,3.355500000907341
20,2.3966999997355742,3.9111000005505048
25,3.2702999997127336,4.642699999749311
30,3.657299999758834,5.555599998842808
35,4.377399998702458,6.98980000015581
40,4.826600001251791,7.825000000593718
45,5.332099999577622,8.71230000120704
50,5.389799998738454,10.633300000336021
