Number of Attributes,Ref[4],Spider (Ours)
5,5.6582104999506555,5.377551025048888
10,10.81825317505718,10.687804150347802
15,16.17996472523373,15.923089650459588
20,21.528172850230476,21.171583399882365
25,26.846028124964505,26.418168675172637
30,32.28444882506665,31.694862550102698
35,37.738923850065476,36.92416770018099
40,43.10433335031121,42.21076880003238
45,48.4097667246715,47.40767602515916
50,54.705926974475005,52.74546672517317
