Number of Fog Nodes,Centralized HB,Full Checkpoint,Round-Robin,Least-Queue,Spider-FT (Ours)
10,67.53682019174107,67.27925994795802,71.80800906713597,77.40539097351004,30.247194123024734
20,63.616538693065294,72.29706792848962,85.90765230639994,70.74810536237752,36.830597248540414
30,57.934391588375725,74.43186383800925,76.73987331724196,81.47584185347291,34.43130284533233
40,61.00356693851673,57.69585044899941,77.59409420744096,66.1347504443728,33.794914130356766
50,52.49693624486843,64.96749513242183,84.36097712701786,60.45969892507407,35.41657837632907
