Speed Spread (max/min rate ratio),Round-Robin,Least-Queue,Spider (Ours)
1.0,53646.853316737805,53667.0378019486,53544.442871647945
1.5,65510.94949508217,65690.38565819223,64856.43724908877
2.0,75604.62484591335,75529.70437998243,72457.55996560343
2.5,84653.25161217885,84254.04753424675,78046.24458709669
3.0,93123.59909660096,92369.01108350947,82450.41809147567
4.0,108580.8775150052,107109.00411979345,88593.60005235727
5.0,121214.93911278265,119915.62064116773,92754.60070625668
