Failure Rate (%),No FT,Centralized HB,Full Checkpoint,Round-Robin,Least-Queue,Spider (Ours)
5,64.60000000000001,67.80000000000001,67.9,66.0,65.5,68.2
10,60.9,68.30000000000001,68.60000000000001,59.3,60.5,69.3
15,53.7,62.5,63.3,50.0,55.300000000000004,64.0
20,53.2,62.7,62.6,49.2,52.900000000000006,63.3
25,55.400000000000006,48.4,48.4,50.8,53.1,50.5
