Number of Fog Nodes,Centralized HB,Full Checkpoint,Round-Robin,Least-Queue,Spider (Ours)
10,56.114043552600805,60.08513626788158,62.528950733941066,55.68449690082666,33.67848779113487
20,49.36522647790976,55.44770455781487,81.22384597695489,62.912510688562115,36.23236702435123
30,56.13441074603917,61.20464443140986,79.23500053088463,65.54773517930181,32.86578598046724
40,54.07091135115666,59.88522254320727,75.2187670525974,69.00739779965448,32.18143791890593
50,53.7203066172891,79.68949410491199,84.10900794411627,62.16630111354066,34.72997016411616
