Number of Fog Nodes,Ref[22],Ref[37],Ref[39],Spider (Ours)
6,68.57429021752614,68.54541166827424,68.51918188437611,67.96353433843491
8,66.31857237507289,66.38859257423525,66.34840778021272,65.89657122332191
10,65.09063003480529,65.5224313773143,65.33156228239622,64.96474203407534
12,64.71516137074165,64.95712855409705,64.92621545649861,64.46047458799355
14,64.5930420703078,64.85701549164374,64.92361801862779,64.16167637307112
