Number of Fog Nodes,Ref[22],Ref[37],Ref[39],Spider (Ours)
6,73.09879049890806,51.29519742853325,50.65503080468369,48.817104145973815
8,51.982833168021,49.21164481513351,48.374956148056114,44.115657027068565
10,69.15112718119909,62.504976368719426,59.55020242819819,55.50621707204381
12,47.70579433428556,51.17336428478813,48.06969637855609,41.55276218317333
14,54.938299448075135,52.4877447640817,50.29722756823358,42.863693222578036
