Number of Attributes,Ref[4],Spider (Ours)
5,41.791628650025814,38.28037320126896
10,74.59423624968622,86.2113689265243
15,106.00960814990685,114.90009644840029
20,149.68199787472258,150.15946225212247
25,187.53783525171457,195.1504155756993
30,237.82777470114524,237.96353407378774
35,280.08623092464404,277.41635897582455
40,317.8827591247682,320.3006580752117
45,365.655981476084,377.6760771499539
50,438.36802952500875,414.16569357388653
