Number of Attributes,Ref[4],Spider (Ours)
5,0.8940339999981006,1.9074829999681242
10,1.899557999990975,3.0363250000391417
15,2.315425000006144,4.023059000019202
20,3.8430439999501687,5.129367999984424
25,4.331347999936952,6.435325999973429
30,4.743310999970163,9.073308999973051
35,5.735269999945558,8.709777000035501
40,6.615495000005467,8.878436000031797
45,7.8995970000050875,11.743694999950094
50,7.083527999952821,14.852783000037562
