Failure Rate (%),No FT,Centralized HB,Full Checkpoint,Round-Robin,Least-Queue,Spider (Ours)
5,89.4,92.60000000000001,92.60000000000001,91.2,91.8,92.60000000000001
10,78.3,87.5,87.4,81.10000000000001,83.89999999999999,88.8
15,78.5,91.4,91.7,87.0,88.3,91.5
20,71.39999999999999,91.3,90.2,78.60000000000001,80.10000000000001,91.5
25,66.9,89.2,88.8,74.3,75.7,89.8
