Number of Attributes,Ref[4],Spider (Ours)
5,0.20525000218185596,0.41458299892838113
10,0.36587499926099554,0.6590000011783559
15,0.5245000029390212,0.8954160002758726
20,0.6967500012251548,1.1707499979820568
25,0.8446249994449317,1.3981659976707306
30,1.0013339997385629,1.6568339997320436
35,1.1889999987033661,1.9192920008208603
40,1.3212920021032915,2.200167000410147
45,1.489958001911873,2.341166000405792
50,1.6389999982493464,2.709167001739843
