Number of Attributes,Ref[4],Spider (Ours)
5,49.71999500021411,53.117882500282576
10,98.61885000000257,108.70414499977414
15,152.73784000028172,170.4931375002161
20,202.96100250020572,225.90392250021978
25,272.2296025000105,281.56084499996723
30,332.23437250017014,322.956242500004
35,373.6106799995923,387.69927500006816
40,443.7573949999205,438.1840100001227
45,473.94725999984075,485.9732600000825
50,530.8018975003506,548.3090350003295
