{
    "auth_verify_per_pkt": [
        2.391417001490481,
        2.3576249950565398,
        2.2224580025067553,
        2.253291997476481,
        2.230792000773363,
        2.3245829943334684,
        2.2231249895412475,
        2.336125005967915,
        2.2327089973259717,
        2.263749993289821
    ],
    "replay_check_per_pkt": [
        0.0019169965526089072,
        0.0004169996827840805,
        0.00029199873097240925,
        0.00029199873097240925,
        0.0004580069798976183,
        0.00029199873097240925,
        0.0002500019036233425,
        0.0009170034900307655,
        0.00037500285543501377,
        0.000333995558321476
    ],
    "batch_tag_construct": 0.005041001713834703,
    "total_gateway_latency": 22.85449999908451,
    "dropped_count": 0,
    "forwarded_count": 10
}