{
    "auth_verify_per_pkt": [
        4.371799994260073,
        3.8022999942768365,
        4.383599996799603,
        3.8917000056244433,
        4.399500001454726,
        3.868300002068281,
        4.147500003455207,
        3.918399990652688,
        4.341499996371567,
        4.084899992449209
    ],
    "replay_check_per_pkt": [
        0.0023999891709536314,
        0.0023000029614195228,
        0.0024999899324029684,
        0.0021999876480549574,
        0.0022999884095042944,
        0.0022000021999701858,
        0.0025999906938523054,
        0.0023000029614195228,
        0.0028999929782003164,
        0.0021000014385208488
    ],
    "batch_tag_construct": 0.012600008631125093,
    "total_gateway_latency": 41.279200013377704,
    "dropped_count": 0,
    "forwarded_count": 10
}