{
    "auth_verify_per_pkt": [
        3.939199999877019,
        4.170899999735411,
        4.780199999913748,
        3.927800000383286,
        6.032100000084029,
        5.134799999723327,
        3.992599999946833,
        4.169499999989057,
        4.187099999398924,
        7.907100000011269
    ],
    "replay_check_per_pkt": [
        0.0032999996619764715,
        0.0032999996619764715,
        0.004200000148557592,
        0.0026999996407539584,
        0.004200000148557592,
        0.0033999995139311068,
        0.0037999998312443495,
        0.004600000465870835,
        0.0035999992178403772,
        0.0034000004234258085
    ],
    "batch_tag_construct": 0.024900000425986946,
    "total_gateway_latency": 48.368099999606784,
    "dropped_count": 0,
    "forwarded_count": 10
}