{
    "auth_verify_per_pkt": [
        3.8626000023214146,
        3.7696000072173774,
        3.7625999975716695,
        3.7569999985862523,
        3.726499999174848,
        3.734499987331219,
        3.8262000016402453,
        3.8376999873435125,
        3.874499991070479,
        3.8952000031713396
    ],
    "replay_check_per_pkt": [
        0.002900007530115545,
        0.0021000014385208488,
        0.0018999999156221747,
        0.0020000006770715117,
        0.0014999968698248267,
        0.0013999961083754897,
        0.0013999961083754897,
        0.0022999884095042944,
        0.0021000014385208488,
        0.0023000029614195228
    ],
    "batch_tag_construct": 0.025600005756132305,
    "total_gateway_latency": 38.119500008178875,
    "dropped_count": 0,
    "forwarded_count": 10
}