{
    "auth_verify_per_pkt": [
        4.335700010415167,
        4.346400004578754,
        3.8960999954724684,
        3.7429999938467517,
        3.722100009326823,
        3.7358999979915097,
        3.7802000006195158,
        3.7256000068737194,
        3.6586000060196966,
        3.7060000031488016
    ],
    "replay_check_per_pkt": [
        0.0023000029614195228,
        0.0025000044843181968,
        0.0025999906938523054,
        0.0015999976312741637,
        0.0017999991541728377,
        0.0017999991541728377,
        0.0025000044843181968,
        0.0011999945854768157,
        0.000900006853044033,
        0.0014999968698248267
    ],
    "batch_tag_construct": 0.012099990271963179,
    "total_gateway_latency": 38.708399995812215,
    "dropped_count": 0,
    "forwarded_count": 10
}