{
    "auth_verify_per_pkt": [
        5.1263999921502545,
        4.03659998846706,
        4.574099992169067,
        3.895999994711019,
        3.8337000005412847,
        4.197699992801063,
        4.548899989458732,
        4.457700008060783,
        3.8370999973267317,
        4.042899992782623
    ],
    "replay_check_per_pkt": [
        0.0030999945010989904,
        0.002800006768666208,
        0.0027999922167509794,
        0.00340001133736223,
        0.0026999914553016424,
        0.0023000029614195228,
        0.0040000013541430235,
        0.0026000052457675338,
        0.0024999899324029684,
        0.002700006007216871
    ],
    "batch_tag_construct": 0.012899996363557875,
    "total_gateway_latency": 42.633299992303364,
    "dropped_count": 0,
    "forwarded_count": 10
}