{
    "auth_verify_per_pkt": [
        6.787100001020008,
        4.680500000176835,
        6.943200000023353,
        6.263899998884881,
        4.3101000010210555,
        3.999999998995918,
        8.15119999970193,
        5.03000000026077,
        3.9461999986087903,
        8.960399998613866
    ],
    "replay_check_per_pkt": [
        0.005699999746866524,
        0.005100000635138713,
        0.007099999493220821,
        0.0027999994927085936,
        0.0036999990697950125,
        0.003099999958067201,
        0.00419999923906289,
        0.0039000005926936865,
        0.0029000002541579306,
        0.0026999987312592566
    ],
    "batch_tag_construct": 0.017099999240599573,
    "total_gateway_latency": 59.254300000247895,
    "dropped_count": 0,
    "forwarded_count": 10
}