{
    "auth_verify_per_pkt": [
        3.8088000001152977,
        3.676500011351891,
        4.038900005980395,
        3.755400000954978,
        3.7262999976519495,
        3.719900007126853,
        3.8108000007923692,
        3.6869000032311305,
        3.7397999985842034,
        3.68700000399258
    ],
    "replay_check_per_pkt": [
        0.0024000037228688598,
        0.0011999945854768157,
        0.0023000029614195228,
        0.0013999961083754897,
        0.00100000761449337,
        0.001200009137392044,
        0.0021000014385208488,
        0.0015999976312741637,
        0.0013999961083754897,
        0.00100000761449337
    ],
    "batch_tag_construct": 0.01170000177808106,
    "total_gateway_latency": 37.70119999535382,
    "dropped_count": 0,
    "forwarded_count": 10
}