{
    "auth_verify_per_pkt": [
        6.987699998717289,
        4.145999999309424,
        3.7511999980779365,
        4.330600000685081,
        3.8566000002902,
        3.955399999540532,
        3.880599997501122,
        3.999900000053458,
        4.158100000495324,
        3.820000001724111
    ],
    "replay_check_per_pkt": [
        0.0025000008463393897,
        0.0032000025385059416,
        0.0016000012692529708,
        0.0029000002541579306,
        0.0024999972083605826,
        0.0015999976312741637,
        0.0012999989849049598,
        0.0026000016077887267,
        0.0025000008463393897,
        0.0017999991541728377
    ],
    "batch_tag_construct": 0.012900000001536682,
    "total_gateway_latency": 42.95589999674121,
    "dropped_count": 0,
    "forwarded_count": 10
}