{
    "auth_verify_per_pkt": [
        2.182625001296401,
        2.2110420104581863,
        2.254375023767352,
        2.2280419943854213,
        2.201208990300074,
        2.225958014605567,
        2.1839160181116313,
        2.187540987506509,
        2.1708339918404818,
        2.3337499878834933
    ],
    "replay_check_per_pkt": [
        0.0014579854905605316,
        0.0008330098353326321,
        0.0006249756552278996,
        0.00037500285543501377,
        0.0004169996827840805,
        0.00029098009690642357,
        0.00033300602808594704,
        0.00029199873097240925,
        0.00037500285543501377,
        0.0004580069798976183
    ],
    "batch_tag_construct": 0.0045000051613897085,
    "total_gateway_latency": 22.19687501201406,
    "dropped_count": 0,
    "forwarded_count": 10
}