{
    "auth_verify_per_pkt": [
        2.2499170008813962,
        2.250459001515992,
        2.312667000296642,
        2.2461250009655487,
        2.225124999313266,
        2.26979099898017,
        2.2367499987012707,
        2.2599169988097856,
        2.278791998833185,
        2.2355000000970904
    ],
    "replay_check_per_pkt": [
        0.00145800004247576,
        0.00041700150177348405,
        0.0007079997885739431,
        0.0003330005711177364,
        0.0004169996827840805,
        0.00029199873097240925,
        0.0002910001057898626,
        0.00025000008463393897,
        0.0002920005499618128,
        0.0004579997039400041
    ],
    "batch_tag_construct": 0.00587499926041346,
    "total_gateway_latency": 22.58383400112507,
    "dropped_count": 0,
    "forwarded_count": 10
}