{
    "auth_verify_per_pkt": [
        2.2436250001192093,
        2.2777080012019724,
        2.2651250037597492,
        2.4629169929539785,
        2.527666001697071,
        2.3350420087808743,
        2.3462909884983674,
        2.3788749967934564,
        2.3310830001719296,
        2.1834579965798184
    ],
    "replay_check_per_pkt": [
        0.0017500133253633976,
        0.00037500285543501377,
        0.0004169996827840805,
        0.0010829971870407462,
        0.0005830079317092896,
        0.00029199873097240925,
        0.0002920132828876376,
        0.0005839974619448185,
        0.00033300602808594704,
        0.00029099464882165194
    ],
    "batch_tag_construct": 0.005875001079402864,
    "total_gateway_latency": 23.37229100521654,
    "dropped_count": 0,
    "forwarded_count": 10
}