{
    "auth_verify_per_pkt": [
        4.254000000400993,
        5.395700000008219,
        4.591500000060478,
        4.471900000680762,
        4.002799999398121,
        3.9558999997098,
        4.151400000409922,
        3.8621000003331574,
        4.016700000647688,
        4.391699999359844
    ],
    "replay_check_per_pkt": [
        0.0026999996407539584,
        0.0031999998100218363,
        0.0039000005926936865,
        0.002499999936844688,
        0.0024000000848900527,
        0.002499999936844688,
        0.003000000106112566,
        0.002100000529026147,
        0.0032999996619764715,
        0.0036999999792897142
    ],
    "batch_tag_construct": 0.014200000805431046,
    "total_gateway_latency": 43.17759999958071,
    "dropped_count": 0,
    "forwarded_count": 10
}