{
    "auth_verify_per_pkt": [
        19.15904200006935,
        15.289837999944211,
        10.179097999980513,
        23.195045999955255,
        31.19904100003623,
        14.323734999948101,
        10.656971999992493,
        6.4039510000384325,
        4.9295149999579735,
        5.949399999963134
    ],
    "replay_check_per_pkt": [
        0.011755000059565646,
        0.0044749999688065145,
        0.005278999992697209,
        0.007929999924272124,
        0.00621200001660327,
        0.006071000029805873,
        0.006006999910823652,
        0.003976000016336911,
        0.007189999905676814,
        0.007479000032617478
    ],
    "batch_tag_construct": 0.04401899991535174,
    "total_gateway_latency": 141.89409300001898,
    "dropped_count": 0,
    "forwarded_count": 10
}