{
    "auth_verify_per_pkt": [
        4.269699998985743,
        4.0895000001910375,
        3.772999998545856,
        4.152499999690917,
        4.147600000578677,
        3.8974999988568015,
        3.8557999996555736,
        5.116199999974924,
        4.282099998818012,
        3.927300000214018
    ],
    "replay_check_per_pkt": [
        0.0026999987312592566,
        0.00270000055024866,
        0.002200000380980782,
        0.003200000719516538,
        0.0025000008463393897,
        0.0029000002541579306,
        0.0021999985619913787,
        0.003700000888784416,
        0.0034000004234258085,
        0.0029000002541579306
    ],
    "batch_tag_construct": 0.013299999409355223,
    "total_gateway_latency": 41.58769999958167,
    "dropped_count": 0,
    "forwarded_count": 10
}