{
    "aa_setup": 0.6044000001566019,
    "attr_keygen": 0.81659999978001,
    "policy_precompute": 0.02770000082819024,
    "user_keygen": 0.009800000043469481,
    "gateway_init": 2.3660999995627208,
    "fog_node_init": [
        15.872899999521906,
        26.975599999786937,
        16.425599999820406,
        15.27299999997922,
        14.765400000214868,
        14.825199999904726,
        16.557400000237976,
        14.769100000194157,
        14.783600000555452,
        13.938999999481894
    ],
    "kyber_precompute": [
        0.12489999971876387,
        0.0942999995459104,
        0.08539999998902204,
        0.06050000047252979,
        0.06799999937356915,
        0.06970000049477676,
        0.0855999996929313,
        0.09199999931297498,
        0.07329999971261714,
        0.0700999999025953
    ],
    "device_precompute": [
        3.4255999999004416,
        3.6583000000973698,
        3.4152999996877043,
        3.274700000474695,
        3.433999999288062,
        3.1909999997878913,
        4.083499999978812,
        5.014500000470434,
        5.046999999649415,
        5.353700000341632
    ],
    "total_init": 1277.4099999996906,
    "policy_preparation": 0.05409999994299142
}