{
    "aa_setup": 0.27054200472775847,
    "policy_precompute": 0.014125005691312253,
    "user_keygen": 0.12479101133067161,
    "gateway_init": 1.2651249999180436,
    "fog_node_init": [
        6.828459008829668,
        6.257708999328315,
        6.089332993724383,
        5.900250005652197,
        5.759040999691933,
        5.753707999247126,
        5.880750002688728,
        5.866417006473057,
        5.753833000198938,
        5.611540997051634
    ],
    "device_precompute": [
        1.944208997883834,
        1.8447499896865338,
        1.9179999944753945,
        1.8633330037118867,
        1.9145410042256117,
        1.9976250041509047,
        1.8968340009450912,
        1.7941660044016317,
        1.8667499971343204,
        1.9487090030452237
    ],
    "total_init": 136.03695799247362
}