{
    "aa_setup": 0.5283999998937361,
    "policy_precompute": 0.08920000254875049,
    "user_keygen": 2.8133999985584524,
    "gateway_init": 2.0143000001553446,
    "fog_node_init": [
        18.657300002814736,
        13.869800000975374,
        13.869800000975374,
        13.88059999953839,
        13.59030000094208,
        13.328100001672283,
        13.726400000450667,
        13.627799999085255,
        13.58049999907962,
        15.283099997759564
    ],
    "device_precompute": [
        3.2027000015659723,
        3.090199999860488,
        3.109799999947427,
        3.272000001743436,
        3.219300000637304,
        3.0838000020594336,
        3.0070999964664225,
        3.1132000003708526,
        3.3617000008234754,
        3.1151999974099454
    ],
    "total_init": 1232.3465000008582
}