{
    "aa_setup": 0.672499998472631,
    "attr_keygen": 0.756800000090152,
    "policy_precompute": 0.020000006770715117,
    "user_keygen": 0.0034999975468963385,
    "gateway_init": 2.77799999457784,
    "fog_node_init": [
        13.9575000066543,
        15.539500003797002,
        14.69830000132788,
        14.339400004246272,
        15.90510000823997,
        16.503199993167073,
        19.75700000184588,
        28.627600011532195,
        26.39389999967534,
        23.36490000016056
    ],
    "kyber_precompute": [
        0.09339999814983457,
        0.11059999815188348,
        0.07589999586343765,
        0.05289999535307288,
        0.06779999239370227,
        0.16730000788811594,
        0.10810000821948051,
        0.1205000007757917,
        0.12650000280700624,
        0.13939999917056412
    ],
    "device_precompute": [
        3.697799998917617,
        3.4294000070076436,
        3.987300005974248,
        3.3992000098805875,
        3.4611000010045245,
        4.193500004475936,
        5.106700002215803,
        3.8809000106994063,
        3.260900004534051,
        3.0361999961314723
    ],
    "total_init": 1294.1398999973899,
    "policy_preparation": 0.028700000257231295
}