{
    "aa_setup": 0.5520999984582886,
    "attr_keygen": 0.726999991456978,
    "policy_precompute": 0.018300008377991617,
    "user_keygen": 0.002800006768666208,
    "gateway_init": 2.0094000065000728,
    "fog_node_init": [
        15.484600007766858,
        20.540500001516193,
        18.945000003441237,
        14.913399994838983,
        15.543799992883578,
        14.883099996950477,
        14.455299999099225,
        14.990600000601262,
        16.179900005226955,
        16.30509999813512
    ],
    "kyber_precompute": [
        0.08399999933317304,
        0.09309999586548656,
        0.13770000077784061,
        0.08199999865610152,
        0.12930000957567245,
        0.14749998808838427,
        0.05460000829771161,
        0.05629999213851988,
        0.08959999831859022,
        0.0914999982342124
    ],
    "device_precompute": [
        3.6999000003561378,
        3.526100001181476,
        3.958400004194118,
        3.2945999992080033,
        3.3540000003995374,
        3.3713000011630356,
        3.762699998333119,
        4.8064000002341345,
        4.132000001845881,
        4.261399997631088
    ],
    "total_init": 1255.9667000023182,
    "policy_preparation": 0.0357000099029392
}