{
    "aa_setup": 0.8604000031482428,
    "attr_keygen": 0.9764999995240942,
    "policy_precompute": 0.03229999856557697,
    "user_keygen": 0.003500012098811567,
    "gateway_init": 2.0557999960146844,
    "fog_node_init": [
        14.496899995720014,
        15.348899993114173,
        15.647899999748915,
        15.405600002850406,
        14.78040000074543,
        15.335400006733835,
        14.55760000681039,
        15.944599988870323,
        16.090400007669814,
        15.513000005739741
    ],
    "kyber_precompute": [
        0.13419998867902905,
        0.0720999960321933,
        0.08269998943433166,
        0.058600009651854634,
        0.07559999357908964,
        0.08319999324157834,
        0.09390000195708126,
        0.07599999662488699,
        0.07850000110920519,
        0.076299998909235
    ],
    "device_precompute": [
        3.9714000013191253,
        3.177200007485226,
        4.363300002296455,
        4.156899987719953,
        4.763099990668707,
        3.616999994846992,
        3.6077999975532293,
        4.517000008490868,
        4.042899992782623,
        3.470800002105534
    ],
    "total_init": 1250.1456000027247,
    "policy_preparation": 0.03959999594371766
}