{
    "aa_setup": 0.9444000006624265,
    "attr_keygen": 1.2406000005285023,
    "policy_precompute": 0.04220000118948519,
    "user_keygen": 0.007800001185387373,
    "gateway_init": 3.826999998636893,
    "fog_node_init": [
        22.778599999583093,
        28.882900000098743,
        23.099900001398055,
        23.555599998871912,
        24.073099999441183,
        20.095500000024913,
        21.705699999074568,
        18.78519999991113,
        20.278500000131316,
        17.424200001187273
    ],
    "kyber_precompute": [
        0.1754000004439149,
        0.1520000005257316,
        0.11370000174792949,
        0.19530000099621248,
        0.10820000170497224,
        0.10590000056254212,
        0.14379999993252568,
        0.10010000005422626,
        0.08650000017951243,
        0.10579999980109278
    ],
    "device_precompute": [
        5.659300000843359,
        6.81090000034601,
        3.2286999994539656,
        3.2308999998349464,
        3.8038000002416084,
        5.424000000857632,
        5.5110999983298825,
        4.5755999999528285,
        4.69379999958619,
        4.941600000165636
    ],
    "total_init": 1354.469699999754,
    "policy_preparation": 0.04530000114755239
}