{
    "aa_setup": 0.31033300911076367,
    "policy_precompute": 0.014417004422284663,
    "user_keygen": 0.13287499314174056,
    "gateway_init": 1.2540409952634946,
    "fog_node_init": [
        6.822958996053785,
        6.492792002973147,
        6.1809579929104075,
        5.936125002335757,
        5.795708988443948,
        5.689124998752959,
        5.667959005222656,
        5.590333006693982,
        5.631166000966914,
        5.689875004463829
    ],
    "device_precompute": [
        1.9186249992344528,
        1.8725419940892607,
        1.870250009233132,
        1.917875008075498,
        1.8677499901968986,
        2.0748750102939084,
        1.8680420034797862,
        1.8433749937685207,
        1.858124989666976,
        1.944291012478061
    ],
    "total_init": 135.99183299811557
}