{
    "aa_setup": 0.27425000007497147,
    "attr_keygen": 0.3497079997032415,
    "policy_precompute": 0.012832999345846474,
    "user_keygen": 0.0013340013538254425,
    "gateway_init": 1.2580000002344605,
    "fog_node_init": [
        5.85016599870869,
        5.583124999247957,
        5.743666000853409,
        6.006416999298381,
        5.651708001096267,
        5.681082999217324,
        5.597499999566935,
        5.634417000692338,
        5.70937500015134,
        5.629374998534331
    ],
    "kyber_precompute": [
        0.06166599996504374,
        0.026166999305132776,
        0.019624998458311893,
        0.019208000594517216,
        0.0234159997489769,
        0.018417000319459476,
        0.017209000361617655,
        0.017540998669574037,
        0.01662499926169403,
        0.02370899892412126
    ],
    "device_precompute": [
        1.8508749999455176,
        1.874917001259746,
        1.8675840001378674,
        1.8813329988915939,
        1.940582998940954,
        1.886624999315245,
        1.8532919984863838,
        1.8657500004337635,
        1.8663330010895152,
        1.8777090008370578
    ],
    "total_init": 131.8183749990567,
    "policy_preparation": 0.01424999936716631
}