{
    "aa_setup": 0.5684999996447004,
    "attr_keygen": 0.7781999993312638,
    "policy_precompute": 0.029999999242136255,
    "user_keygen": 0.005500000042957254,
    "gateway_init": 2.2606000002269866,
    "fog_node_init": [
        14.384599999175407,
        14.263499999287887,
        14.161799999783398,
        14.927500000339933,
        14.094699999986915,
        15.91759999973874,
        17.78320000084932,
        15.920599998935359,
        18.809899998814217,
        15.84259999981441
    ],
    "kyber_precompute": [
        0.08540000089851674,
        0.06759999996575061,
        0.08619999971415382,
        0.08710000111022964,
        0.06500000017695129,
        0.07110000115062576,
        0.18210000052931719,
        0.08139999954437371,
        0.1300999992963625,
        0.10850000035134144
    ],
    "device_precompute": [
        3.1684999994467944,
        3.756900001462782,
        4.850600000281702,
        3.384399999049492,
        3.2119999996211845,
        3.3741000006557442,
        4.0258999997604406,
        3.2688000010239193,
        3.3089999997173436,
        3.2035000003816094
    ],
    "total_init": 1259.6033999998326,
    "policy_preparation": 0.03449999894655775
}