{
    "aa_setup": 0.2574170066509396,
    "policy_precompute": 0.011957978131249547,
    "user_keygen": 0.11758299660868943,
    "gateway_init": 1.198875019326806,
    "fog_node_init": [
        7.03058298677206,
        6.697542004985735,
        6.273667007917538,
        6.043541012331843,
        5.927124992012978,
        5.759374995250255,
        5.5951669928617775,
        5.537084012757987,
        5.488833005074412,
        5.448500014608726
    ],
    "device_precompute": [
        1.860165997641161,
        1.8418749968986958,
        1.9008329836651683,
        1.8206670065410435,
        1.818874996388331,
        1.8386660085525364,
        1.8497919954825193,
        1.7997499962802976,
        1.8460839928593487,
        1.8020830175373703
    ],
    "total_init": 135.11649999418296
}