{
    "aa_setup": 0.5554000090342015,
    "attr_keygen": 0.727599996025674,
    "policy_precompute": 0.022199994418770075,
    "user_keygen": 0.002700006007216871,
    "gateway_init": 2.0896999922115356,
    "fog_node_init": [
        14.412799995625392,
        14.486600004602224,
        14.613399995141663,
        14.423200002056547,
        14.00340000691358,
        15.740699993330054,
        20.978200001991354,
        25.793299995712005,
        16.99400000507012,
        16.923599992878735
    ],
    "kyber_precompute": [
        0.09139999747276306,
        0.0712000037310645,
        0.06220000796020031,
        0.06009999196976423,
        0.06410000787582248,
        0.05669999518431723,
        0.09439999121241271,
        0.11660000018309802,
        0.08189999789465219,
        0.08080000407062471
    ],
    "device_precompute": [
        5.651700004818849,
        4.734600006486289,
        5.385199998272583,
        4.576999999699183,
        5.878800002392381,
        5.514800010132603,
        5.665999997290783,
        4.405100000440143,
        5.130299992742948,
        4.337300008046441
    ],
    "total_init": 1275.0687999941874,
    "policy_preparation": 0.03569999535102397
}