{
    "aa_setup": 35.34363499989013,
    "attr_keygen": 1.7759539999815388,
    "policy_precompute": 0.1747119999890856,
    "user_keygen": 0.029456999982357956,
    "gateway_init": 5.534857000043303,
    "fog_node_init": [
        56.74908199989659,
        63.076270999999906,
        34.09408799996072,
        51.01251200005663,
        41.398968999942554,
        29.651668999918,
        45.439565000037874,
        43.40449999995144,
        47.5264319999269,
        38.344047000009596
    ],
    "kyber_precompute": [
        6.6083810000918675,
        0.16033500003231893,
        0.17563500000505883,
        0.2287270000351782,
        0.2359320000095977,
        0.17304300001796946,
        0.20806399993489322,
        0.21924800000761024,
        0.23391499996705534,
        0.6308970000645786
    ],
    "device_precompute": [
        8.666889999972227,
        9.367972999939411,
        10.076851999997416,
        14.586660000077245,
        20.257150999896112,
        21.30225399992014,
        8.295000000089203,
        27.256209999904968,
        15.365783000106603,
        28.056483999989723
    ],
    "total_init": 747.4289269999872,
    "policy_preparation": 0.16457599997465877
}