{
    "aa_setup": 0.680500001180917,
    "attr_keygen": 0.76299998909235,
    "policy_precompute": 0.02439999661874026,
    "user_keygen": 0.0029999937396496534,
    "gateway_init": 2.4018999974941835,
    "fog_node_init": [
        15.057999989949167,
        14.702500004204921,
        14.177100005326793,
        14.503200000035577,
        20.339700000477023,
        27.530199993634596,
        30.83889999834355,
        20.278399999369867,
        25.38500000082422,
        25.359000006574206
    ],
    "kyber_precompute": [
        0.08529999468009919,
        0.09089999366551638,
        0.10770000517368317,
        0.06130000110715628,
        0.11829999857582152,
        0.1365000061923638,
        0.15500000154133886,
        0.11280000035185367,
        0.1109000004362315,
        0.10879999899771065
    ],
    "device_precompute": [
        5.482799999299459,
        4.918599996017292,
        4.83219999296125,
        4.955099997459911,
        7.445399998687208,
        8.03029999951832,
        5.459899999550544,
        3.465500005404465,
        3.479699997114949,
        3.2910000008996576
    ],
    "total_init": 1326.0019999870565,
    "policy_preparation": 0.03260000084992498
}