{
    "aa_setup": 0.6721999998262618,
    "attr_keygen": 1.2054999997417326,
    "policy_precompute": 0.03259999994043028,
    "user_keygen": 0.006100000064179767,
    "gateway_init": 3.0830999994577724,
    "fog_node_init": [
        14.598900000237336,
        14.814799999840034,
        14.783499999794003,
        15.271600000232866,
        15.799300000253425,
        14.425600000322447,
        14.590199999474862,
        14.866700000311539,
        14.586399999643618,
        14.635900000030233
    ],
    "kyber_precompute": [
        0.09299999965151073,
        0.06799999937356915,
        0.0824999997348641,
        0.12249999963387381,
        0.08090000028460054,
        0.08299999990413198,
        0.07969999933266081,
        0.07840000034775585,
        0.07660000028408831,
        0.07730000015726546
    ],
    "device_precompute": [
        3.4401000002617366,
        3.3010999995894963,
        3.20090000059281,
        4.818699999304954,
        3.3063000000765896,
        3.449299999374489,
        3.4776000002239016,
        3.3784000006562565,
        3.5533999998733634,
        3.428400000302645
    ],
    "total_init": 1241.618500000186,
    "policy_preparation": 0.032500000088475645
}