{
    "aa_setup": 0.00019998697098344564,
    "user_keygen": 0.000200001522898674,
    "fog_node_init": [
        13.87599999725353,
        13.728099991567433,
        13.739200003328733,
        13.528900002711453,
        13.29729999997653,
        13.402900003711693,
        14.037000000826083,
        13.340100005734712,
        13.320700003532693,
        13.453399995341897
    ],
    "total_init": 135.88040000468027,
    "paper_note": "No CP-ABE; only Kyber + Dilithium per-node keygen"
}