{
    "aa_setup": 8.300412446260452e-05,
    "user_keygen": 8.300412446260452e-05,
    "fog_node_init": [
        5.696791980881244,
        5.653125001117587,
        5.6273340014740825,
        5.575542018050328,
        5.512542003998533,
        5.402792012318969,
        5.56125000002794,
        5.480667023221031,
        5.449207994388416,
        5.519041005754843
    ],
    "total_init": 55.5010000243783,
    "paper_note": "No CP-ABE; only Kyber + Dilithium per-node keygen"
}