{
    "aa_setup": 8.298957254737616e-05,
    "user_keygen": 4.099274519830942e-05,
    "fog_node_init": [
        1.2075830018147826,
        0.9331670007668436,
        0.9336660004919395,
        0.9366659942315891,
        0.9473329992033541,
        0.9665830002631992,
        0.9316250070696697,
        0.9324580023530871,
        0.9534169948892668,
        0.9107079968089238
    ],
    "total_init": 9.708124998724088,
    "paper_note": "No CP-ABE; MLWE keys + 4DCCM chaotic state only"
}