{
    "aa_setup": 4.1996827349066734e-05,
    "user_keygen": 8.298957254737616e-05,
    "fog_node_init": [
        5.85654099995736,
        5.866250008693896,
        5.651915998896584,
        5.733083002269268,
        5.856166986632161,
        5.62629199703224,
        5.618208000669256,
        5.9047920076409355,
        5.682750008418225,
        5.684832998667844
    ],
    "total_init": 57.56491700594779,
    "paper_note": "No CP-ABE; only Kyber + Dilithium per-node keygen"
}