{
    "aa_setup": 4.1996827349066734e-05,
    "user_keygen": 8.298957254737616e-05,
    "fog_node_init": [
        5.745041999034584,
        6.0756669990951195,
        6.0436250059865415,
        26.76358399912715,
        31.709542003227398,
        11.15629200648982,
        15.734291999251582,
        7.102500007022172,
        7.3158750019501895,
        6.9488750013988465
    ],
    "total_init": 124.82774999807589,
    "paper_note": "No CP-ABE; only Kyber + Dilithium per-node keygen"
}