{
    "aa_setup": 0.000100000761449337,
    "user_keygen": 0.00019999788491986692,
    "fog_node_init": [
        14.895899999828544,
        14.246400001866277,
        14.594500000384869,
        13.978099999803817,
        14.8869000004197,
        14.540000000124564,
        14.551199998095399,
        13.837700000294717,
        14.613999999710359,
        14.327599998068763
    ],
    "total_init": 144.60429999962798,
    "paper_note": "No CP-ABE; only Kyber + Dilithium per-node keygen"
}