{
    "aa_setup": 9.999712347052991e-05,
    "user_keygen": 0.000100000761449337,
    "fog_node_init": [
        1.6986000009637792,
        1.5981000033207238,
        1.5705000005254988,
        1.597100002982188,
        1.8320000017411076,
        1.909200000227429,
        1.618499998585321,
        1.8135000027541537,
        1.6605999990133569,
        1.6782999991846737
    ],
    "total_init": 17.048399997293018,
    "paper_note": "No CP-ABE; MLWE keys + 4DCCM chaotic state only"
}