{
    "aa_setup": 0.000300002284348011,
    "user_keygen": 0.000400003045797348,
    "fog_node_init": [
        21.70339999429416,
        20.90940000198316,
        19.672199996421114,
        20.516000004136004,
        19.166099998983555,
        15.383200006908737,
        18.727999995462596,
        17.602599997189827,
        15.60060000338126,
        15.375199989648536
    ],
    "total_init": 184.88970000180416,
    "paper_note": "No CP-ABE; only Kyber + Dilithium per-node keygen"
}