{
    "aa_setup": 0.00039998849388211966,
    "user_keygen": 0.000400003045797348,
    "fog_node_init": [
        16.211599999223836,
        16.173999989405274,
        16.256700007943437,
        16.02650000131689,
        18.759400001727045,
        15.503200003877282,
        17.982500008656643,
        16.506200001458637,
        15.108899999177083,
        18.638900000951253
    ],
    "total_init": 168.8785000005737,
    "paper_note": "No CP-ABE; only Kyber + Dilithium per-node keygen"
}