{
    "aa_setup": 4.1000021155923605e-05,
    "user_keygen": 8.300048648379743e-05,
    "fog_node_init": [
        5.932167001446942,
        5.762000000686385,
        6.189499999891268,
        5.859749999217456,
        5.959208998319809,
        6.100708000303712,
        5.801290999443154,
        5.880458000319777,
        6.060334000721923,
        6.80599999941478
    ],
    "total_init": 60.45254099990416,
    "paper_note": "No CP-ABE; only Kyber + Dilithium per-node keygen"
}