{
    "aa_setup": 0.000200001522898674,
    "user_keygen": 0.000300002284348011,
    "fog_node_init": [
        1.779400001396425,
        1.7647999920882285,
        2.063599997200072,
        1.8449999915901572,
        2.946299995528534,
        2.1179999894229695,
        2.11719999788329,
        1.8740000086836517,
        2.003399989916943,
        2.2871999972267076
    ],
    "total_init": 22.45430000766646,
    "paper_note": "No CP-ABE; MLWE keys + 4DCCM chaotic state only"
}