{
    "aa_setup": 0.000200001522898674,
    "user_keygen": 0.000200001522898674,
    "fog_node_init": [
        3.16249999741558,
        1.8077999993693084,
        2.4114999978337437,
        1.852600005804561,
        2.0300000032875687,
        1.629599995794706,
        1.6771000082371756,
        1.6230000037467107,
        1.7694999987725168,
        1.6017000016290694
    ],
    "total_init": 19.674299997859634,
    "paper_note": "No CP-ABE; MLWE keys + 4DCCM chaotic state only"
}