{
    "aa_setup": 0.000400003045797348,
    "user_keygen": 0.000400003045797348,
    "fog_node_init": [
        16.63699999335222,
        15.096399991307408,
        15.038700003060512,
        14.531200009514578,
        14.712000003783032,
        14.544799996656366,
        14.714899996761233,
        16.618399997241795,
        14.890499995090067,
        14.130199997453019
    ],
    "total_init": 152.52869999676477,
    "paper_note": "No CP-ABE; only Kyber + Dilithium per-node keygen"
}