{
    "aa_setup": 0.000100000761449337,
    "user_keygen": 0.000100000761449337,
    "fog_node_init": [
        14.216600000509061,
        14.488200002233498,
        16.54880000569392,
        13.773900005617179,
        15.681899996707216,
        13.855600001988932,
        13.986299993121065,
        14.15820000693202,
        14.217299991287291,
        13.82700000249315
    ],
    "total_init": 144.91640000778716,
    "paper_note": "No CP-ABE; only Kyber + Dilithium per-node keygen"
}