{
    "aa_setup": 4.1996827349066734e-05,
    "user_keygen": 4.1996827349066734e-05,
    "fog_node_init": [
        1.0130829905392602,
        0.938582990784198,
        0.9375000081490725,
        0.9382910066051409,
        0.9540829923935235,
        0.9772079938556999,
        1.0886249947361648,
        0.9765410068212077,
        1.0590000019874424,
        0.9436670079594478
    ],
    "total_init": 9.894333008560352,
    "paper_note": "No CP-ABE; MLWE keys + 4DCCM chaotic state only"
}