{
    "aa_setup": 4.2000465327873826e-05,
    "user_keygen": 8.39991116663441e-05,
    "fog_node_init": [
        1.2122090010961983,
        0.9427500008314382,
        0.9180840006592916,
        0.9198339994327398,
        0.9905000006256159,
        1.005709000310162,
        0.9762909994606161,
        0.955916999373585,
        0.9486660001130076,
        0.9579999987181509
    ],
    "total_init": 9.892124999169027,
    "paper_note": "No CP-ABE; MLWE keys + 4DCCM chaotic state only"
}