{
    "aa_setup": 8.300412446260452e-05,
    "user_keygen": 4.1996827349066734e-05,
    "fog_node_init": [
        0.9261250088457018,
        0.8873339975252748,
        0.8753339934628457,
        0.8684579806867987,
        0.9160409972537309,
        0.9239579958375543,
        0.8653330150991678,
        0.8788330014795065,
        0.8779999916441739,
        0.8757080067880452
    ],
    "total_init": 8.91066700569354,
    "paper_note": "No CP-ABE; MLWE keys + 4DCCM chaotic state only"
}