{
    "aa_setup": 0.000200001522898674,
    "user_keygen": 0.000200001522898674,
    "fog_node_init": [
        1.7523999995319173,
        1.9324999884702265,
        1.740000006975606,
        1.6870000108610839,
        3.1981000065570697,
        2.34170000476297,
        1.8825000006472692,
        1.6600999952061102,
        1.6341000009560958,
        1.774700009264052
    ],
    "total_init": 20.79999999841675,
    "paper_note": "No CP-ABE; MLWE keys + 4DCCM chaotic state only"
}