{
    "aa_setup": 9.998620953410864e-05,
    "user_keygen": 0.000200001522898674,
    "fog_node_init": [
        1.9441000040387735,
        1.9065999949816614,
        1.6527000116184354,
        1.6022000054363161,
        1.5925999905448407,
        1.680300003499724,
        1.716300001135096,
        1.6253000067081302,
        1.5971999964676797,
        1.60679999680724
    ],
    "total_init": 17.01080000202637,
    "paper_note": "No CP-ABE; MLWE keys + 4DCCM chaotic state only"
}