{
    "aa_setup": 0.00019998697098344564,
    "user_keygen": 0.000200001522898674,
    "fog_node_init": [
        2.3469000007025898,
        1.8464000022504479,
        1.9087999971816316,
        1.7655999981798232,
        1.755699995555915,
        2.894300007028505,
        1.688600008492358,
        1.8490999937057495,
        2.707499996176921,
        2.4293000024044886
    ],
    "total_init": 21.350300012272783,
    "paper_note": "No CP-ABE; MLWE keys + 4DCCM chaotic state only"
}