{
    "aa_setup": 0.6859999994048849,
    "user_keygen": 0.023499989765696228,
    "fog_node_init": [
        12.021000002278015,
        13.91460000013467,
        20.50109999254346,
        18.499900004826486,
        20.24389999860432,
        19.806399999652058,
        24.081900002784096,
        24.63409998745192,
        22.127399992314167,
        13.431400002446026
    ],
    "total_init": 190.1962999982061,
    "paper_params": {
        "n": 256,
        "q": 8192,
        "sigma": 3.2
    }
}