{
    "aa_setup": 1.832325000009405,
    "user_keygen": 0.033403999964320974,
    "fog_node_init": [
        18.34733300006519,
        16.55772700007674,
        55.10105399991971,
        35.66701399995509,
        27.699703000052978,
        27.550181999913548,
        39.448666999987836,
        41.58625100001245,
        52.63898499993047,
        56.99460999994699
    ],
    "total_init": 377.37174199992296,
    "paper_params": {
        "n": 256,
        "q": 8192,
        "sigma": 3.2
    }
}