{
    "aa_setup": 0.6788329919800162,
    "user_keygen": 0.019166996935382485,
    "fog_node_init": [
        4.735042006359436,
        4.819459005375393,
        5.086125005618669,
        4.655583004932851,
        4.88516699988395,
        4.7803749912418425,
        5.1872089970856905,
        4.726667000795715,
        4.791084007592872,
        5.162459012353793
    ],
    "total_init": 49.64208400633652,
    "paper_params": {
        "n": 256,
        "q": 8192,
        "sigma": 3.2
    }
}