{
    "aa_setup": 1.1892500042449683,
    "user_keygen": 0.019041006453335285,
    "fog_node_init": [
        4.8413339973194525,
        4.81391599169001,
        4.930458002490923,
        4.671750008128583,
        4.898833998595364,
        4.66441699245479,
        4.704124992713332,
        4.829915997106582,
        4.923583008348942,
        5.1984169986099005
    ],
    "total_init": 49.798958003520966,
    "paper_params": {
        "n": 256,
        "q": 8192,
        "sigma": 3.2
    }
}