{
    "aa_setup": 3.7972999998601153,
    "user_keygen": 0.14620000001741573,
    "fog_node_init": [
        12.955700000020443,
        13.69659999909345,
        13.722100000450155,
        12.879900001280475,
        13.068899999780115,
        12.449800000467803,
        12.429400001565227,
        12.52799999929266,
        12.500000000727596,
        13.438300000416348
    ],
    "total_init": 133.74020000264863,
    "paper_params": {
        "n": 256,
        "q": 8192,
        "sigma": 3.2
    }
}