{
    "aa_setup": 0.7175000000643195,
    "user_keygen": 0.025899999855028,
    "fog_node_init": [
        12.955799999872397,
        13.813399999889953,
        16.75710000017716,
        14.020800000253075,
        14.702499999657448,
        14.212500000212458,
        24.998600000799343,
        16.228099999352708,
        15.999199999896518,
        18.74339999994845
    ],
    "total_init": 163.4094000000914,
    "paper_params": {
        "n": 256,
        "q": 8192,
        "sigma": 3.2
    }
}