{
    "aa_setup": 0.9329160002380377,
    "user_keygen": 0.017541999113745987,
    "fog_node_init": [
        5.429500000900589,
        5.272249998597545,
        5.3156249996391125,
        5.056125000919565,
        5.10375000158092,
        5.090917000416084,
        5.251790998954675,
        5.001249999622814,
        10.43295800081978,
        5.32095800008392
    ],
    "total_init": 58.37737499859941,
    "paper_params": {
        "n": 256,
        "q": 8192,
        "sigma": 3.2
    }
}