{
    "aa_setup": 0.7621000004292,
    "user_keygen": 0.04640000042854808,
    "fog_node_init": [
        14.783900000111316,
        13.0845000003319,
        13.661000000865897,
        17.25569999871368,
        15.631700000085402,
        13.688399998500245,
        13.517199999114382,
        12.739300000248477,
        14.80249999985972,
        13.223400001152186
    ],
    "total_init": 143.42910000050324,
    "paper_params": {
        "n": 256,
        "q": 8192,
        "sigma": 3.2
    }
}