{
    "aa_setup": 0.680500001180917,
    "user_keygen": 0.03060000017285347,
    "fog_node_init": [
        13.186700001824647,
        12.740600010147318,
        12.611900005140342,
        13.522399996872991,
        13.168599994969554,
        12.73889999720268,
        13.806699993438087,
        12.863000010838732,
        12.597000008099712,
        13.515700004063547
    ],
    "total_init": 133.0698000092525,
    "paper_params": {
        "n": 256,
        "q": 8192,
        "sigma": 3.2
    }
}