{
    "aa_setup": 1.2647080002352595,
    "user_keygen": 0.014208024367690086,
    "fog_node_init": [
        4.868457996053621,
        4.609708004863933,
        4.789708997122943,
        4.653875017538667,
        4.549291013972834,
        4.659124999307096,
        4.555457999231294,
        4.646083019906655,
        4.5667910017073154,
        4.669750022003427
    ],
    "total_init": 47.8884170006495,
    "paper_params": {
        "n": 256,
        "q": 8192,
        "sigma": 3.2
    }
}