{
    "aa_setup": 0.6534999993164092,
    "user_keygen": 0.021400002879090607,
    "fog_node_init": [
        12.956999999005347,
        12.611900005140342,
        12.863800002378412,
        12.531200001831166,
        12.440499995136634,
        12.1484999981476,
        11.969900006079115,
        12.204700004076585,
        12.170299989520572,
        12.52770000428427
    ],
    "total_init": 125.28680000104941,
    "paper_params": {
        "n": 256,
        "q": 8192,
        "sigma": 3.2
    }
}