{
    "aa_setup": 1.0390000097686425,
    "user_keygen": 0.06350000330712646,
    "fog_node_init": [
        14.128100010566413,
        14.385899994522333,
        15.289300004951656,
        14.67600000614766,
        14.086800001678057,
        15.932900001644157,
        14.535700000124052,
        13.526100010494702,
        13.959499992779456,
        13.907300002756529
    ],
    "total_init": 147.60029999888502,
    "paper_params": {
        "n": 256,
        "q": 8192,
        "sigma": 3.2
    }
}