{
    "aa_setup": 1.6919000045163557,
    "user_keygen": 0.023800006601959467,
    "fog_node_init": [
        14.125100002274849,
        14.969800002290867,
        15.27679999708198,
        13.804999995045364,
        14.047999997274019,
        13.893499999539927,
        13.937299998360686,
        12.9224999982398,
        12.822399992728606,
        13.845099994796328
    ],
    "total_init": 141.54830000188667,
    "paper_params": {
        "n": 256,
        "q": 8192,
        "sigma": 3.2
    }
}