{
    "aa_setup": 1.0118999998667277,
    "user_keygen": 0.04329999956098618,
    "fog_node_init": [
        16.433499999948253,
        23.86489999935293,
        16.863699999703385,
        20.516800000223157,
        15.66019999972923,
        13.731000000007043,
        16.218700000536046,
        16.542000000299595,
        14.951699999983248,
        13.811599999826285
    ],
    "total_init": 169.91260000031616,
    "paper_params": {
        "n": 256,
        "q": 8192,
        "sigma": 3.2
    }
}