{
    "aa_setup": 0.8612000001448905,
    "user_keygen": 0.03980000110459514,
    "fog_node_init": [
        23.82440000110364,
        17.239200000403798,
        16.887499999938882,
        23.35320000020147,
        15.27890000033949,
        25.59049999945273,
        21.26200000020617,
        17.505599998912658,
        21.02790000026289,
        22.46259999992617
    ],
    "total_init": 205.62760000029812,
    "paper_params": {
        "n": 256,
        "q": 8192,
        "sigma": 3.2
    }
}