Number of Attributes,Ref[4],Spider++ (Ours)
5,11.324506249820843,12.905250049880124
10,24.341419774918904,27.116984375061293
15,38.037169724702835,43.653436375097954
20,51.30033122486566,53.672378075043525
25,66.71349792513865,68.37113644978672
30,82.01618227503786,84.54675520006276
35,95.44348947511025,96.00821457488564
40,111.67630947493308,111.44113132513667
45,123.87076462491677,126.43008955001278
50,138.0294448247696,139.94232082495728
