Number of Attributes,Ref[4],Spider++ (Ours)
5,0.59586699353531,1.3038560136919841
10,0.9684880060376599,1.7346249951515347
15,1.3079269992886111,2.622447005705908
20,2.0321000047260895,3.207075991667807
25,2.4395210057264194,4.1996000072686
30,2.9398970073089004,4.794855005457066
35,3.0182920017978176,5.808379995869473
40,3.6452770000323653,6.350306997774169
45,3.945118995034136,7.0222179929260164
50,4.515388995059766,7.907085004262626
