Number of Tasks per Node,Round-Robin,Least-Queue,Spider++ (Ours)
50,484.47628414954295,475.6563155544901,471.0827439105159
100,1088.110204535411,1078.0768558348377,1065.0952585261566
150,1691.0111958612645,1717.1149517047702,1670.3257906845195
200,2622.126992630188,2616.145327867567,2598.5171262935824
250,3601.6779599136144,3563.984464046961,3551.0160738642217
300,4691.544263203458,4659.106150220404,4627.4939887572355
