Number of Attributes,Ref[4],Spider++ (Ours)
5,13.868808449660719,12.660822974794428
10,26.16296237538336,24.612974449519243
15,37.56374747481459,37.26595725038351
20,49.72953095075354,48.74990444932337
25,62.63646710121975,60.387760874618834
30,74.17278749944671,72.0003869242646
35,84.15131299971108,83.33808037514245
40,98.18505214989273,96.19526542519452
45,108.93589509942103,107.18719442520523
50,121.3488435756517,119.38834062457317
