Num_Enclaves,Round-Robin,Least-Queue,Spider++ (Ours)
2,99.00000000000001,99.08000000000001,98.92
4,97.78,97.98,97.84
8,80.88000000000001,90.40000000000002,91.16
16,11.559999999999999,4.04,1.6199999999999997
24,5.880000000000001,4.1,0.22000000000000003
32,6.9,6.62,0.04
