Num_Enclaves,Round-Robin,Least-Queue,Spider++ (Ours)
2,17479.40858249161,17232.541949111364,16870.240164151248
4,5190.987226837097,4994.044530797246,4919.899653102249
6,2125.4281088338685,2008.3019389911437,1977.5849759565833
8,903.5042237901159,824.5411025673924,836.6854954333791
10,422.9766741307523,258.0595908435343,275.2066059947022
12,147.28198923950214,58.59544694033758,61.787403862620565
