Number of Attributes,Ref[4],Spider++ (Ours)
5,0.20895799752906896,0.4261250032868702
10,0.3733749981620349,0.672875001328066
15,0.5324590019881725,0.9349579995614477
20,0.69041599999764,1.176875000965083
25,0.8627079987491015,1.4420839979720768
30,1.0237919996143319,1.6901250019145664
35,1.176917001430411,1.9779579997702967
40,1.3530830001400318,2.19108400051482
45,1.5159579997998662,2.5030420001712628
50,1.6914160005399026,2.7090000003227033
