Number of Attributes,Ref[4],Spider++ (Ours)
5,31.287215225529508,31.927121974877082
10,65.42394432526635,73.90500015044381
15,90.36874867470033,124.620384598893
20,127.89458917559386,134.8027270010789
25,168.24948202411178,188.04774469990662
30,205.14259790070355,202.48545217455103
35,238.8962963492304,240.58656722536398
40,275.42293032529415,279.1553765500794
45,316.1887472992021,342.5611873255548
50,365.9082330252204,352.6082256994414
