Number of Attributes,Ref[4],Spider++ (Ours)
5,0.7866270025260746,1.937526001711376
10,1.7497579974588007,2.9366779926931486
15,1.925807009683922,3.8483750104205683
20,2.593116005300544,4.763700999319553
25,3.0458690016530454,5.386564997024834
30,3.3730279974406585,6.886178991408087
35,4.2920260020764545,7.257208999362774
40,3.864882994093932,9.273731004213914
45,5.302684992784634,9.725975003675558
50,5.992313002934679,10.860497000976466
