Number of Tasks per Node,Round-Robin,Least-Queue,Spider++ (Ours)
100,1088.110204535411,1078.0768558348377,1065.0952585261566
500,10739.463087827971,10530.174324854026,10541.334521493096
1000,36793.4380145062,36440.86856525439,36134.74994079828
2500,217021.04441313905,215626.9840270222,214856.80630517288
5000,875649.7128698535,872976.8485810794,869598.3565735571
7500,2008738.4529926735,2003504.617481615,1988022.3732691742
10000,3609457.6405251455,3596988.3444318157,3578503.182928873
