Num_Enclaves,Round-Robin,Least-Queue,Spider++ (Ours)
2,20524.562516171754,19918.20173789693,19972.366659776297
4,4625.67208393241,4742.859903919867,4713.462544085449
6,579.7843288039736,152.24393123204288,339.6989908753776
8,196.25374786749222,69.67293451695438,68.11818343391639
10,104.0950949133467,56.27728964302615,55.676378456242375
12,72.79202369914336,52.121956999140274,49.71965670872966
