Number of Attributes,Ref[4],Spider++ (Ours)
5,0.6496290006907657,1.1694150016410276
10,1.0736519980127923,1.8069860016112216
15,1.5238960040733218,2.5055250007426366
20,1.8204239968326874,3.2023550011217594
25,2.3242949973791838,4.126984997128602
30,2.76208900322672,4.613236997101922
35,3.1743469953653403,5.2747509980690666
40,3.6671519992523827,5.86532899615122
45,3.962299997510854,6.7412099961075
50,4.4094230033806525,7.254268006363418
