Number of Attributes,Ref[4],Spider++ (Ours)
5,0.6910629999765661,1.2880440008302685
10,1.1900169993168674,1.8451300020387862
15,1.70589100162033,3.4313949981878977
20,2.1521109993045684,3.4350629975961056
25,2.4295809998875484,4.201628998998785
30,2.748903996689478,4.970081001374638
35,3.4468359990569297,6.505606001155684
40,4.134511000302155,6.40408999970532
45,4.31782200030284,8.184842001355719
50,5.829515001096297,8.651914999063592
