Number of Tasks per Node,Round-Robin,Least-Queue,Spider++ (Ours)
100,843.3373412993794,820.4647835966026,808.9913053080265
200,1968.2318938591143,1950.0967052564579,1907.9447053823642
400,5508.9465805761465,5342.925591979477,5332.759017886423
700,15144.481933101322,14889.174834509853,14863.089097080148
1000,30010.525538165173,29812.850886768494,29351.10481501549
1500,66583.44023164065,66336.54529022214,65800.95537390443
2000,120885.03825964264,120580.16198728335,120054.32907819965
