Number of Attributes,Ref[4],Spider++ (Ours)
5,5.828289574856171,5.551180224847485
10,11.112554149713105,10.946250975666771
15,16.626121924673498,16.24385724999229
20,22.07705212495057,21.636208400104806
25,27.698513525319868,26.973154099960084
30,33.1845250250808,32.376042624582624
35,38.634073000048375,37.60356880002291
40,43.99337595041288,43.138047924821876
45,49.66661770004066,48.92007500029649
50,56.7211041749033,53.90213127493553
