Number of Fog Nodes,Ref[22],Ref[37],Ref[39],Spider++ (Ours)
2,842.8875352969945,832.8481536244041,821.6810829839076,809.355866739149
4,240.3993773476458,237.94797083347387,231.55565029254714,227.61920423757383
6,70.1325842035587,70.72862452408752,70.84854416866062,68.80006510369108
8,66.66263303155839,67.70856973569451,67.87060909827736,65.26271773789566
10,65.68042826960479,65.0010373734522,65.3776769886105,63.506013513862804
12,64.99253139582319,65.0010373734522,65.27116635544333,63.36771811092761
