Number of Attributes,Ref[4],Spider++ (Ours)
5,31.375150050189404,35.83807540089765
10,61.48414042509103,67.45510122491396
15,106.14492554977915,106.83624882585718
20,142.32688610045443,145.25693667528685
25,175.86799332584633,187.26497457446385
30,221.89243494922266,206.82693717481015
35,263.6647251492832,255.19577052455134
40,326.45989555021515,312.25120309918566
45,331.1815231996661,325.22059049952077
50,381.71155692489265,384.26169442518585
