Number of Fog Nodes,Ref[22],Ref[37],Ref[39],Spider++ (Ours)
2,1291.7499433401379,1260.6166834961066,1244.0213706988163,1156.9398747498992
4,308.3351303771834,289.01729707826854,289.25655646338083,264.739844123694
6,179.62310900205304,182.17571025024864,184.20523251769464,162.02004431985185
8,87.27246095382183,84.63230521400071,81.0240334154485,71.94934167291827
10,85.70975846403746,80.58193370006695,79.1806903963668,69.20392340642458
12,83.13503732467213,80.09527300247646,79.1806903963668,68.09539374087545
