Number of Attributes,Ref[4],Spider++ (Ours)
5,55.22918245744228,48.4025558823646
10,67.82328878426233,60.69045750518788
15,77.12584132015033,70.47122378502631
20,90.4940181153213,75.67546419551843
25,99.1782504062444,85.67386636122103
30,112.29825673309966,98.80888679601283
35,129.20895999238076,113.13602333767987
40,145.5860794720773,120.48257719202684
45,163.45142631399185,134.97560474071068
50,169.8347792423137,140.36023511353093
