Number of Tasks per Node,Round-Robin,Least-Queue,Spider++ (Ours)
50,145.76258096191404,151.78277281681358,133.78199125774242
100,337.9492618849351,336.46952837221056,290.9005513816458
150,513.2675549831175,512.7626058419337,456.5627433687607
200,816.4314515843693,824.36812441584,751.2962077341173
250,1112.7541465076401,1139.1527733041498,1073.5273283862655
300,1458.9022300465956,1451.8996848977765,1392.3914404517545
