Num_Enclaves,Round-Robin,Least-Queue,Spider++ (Ours)
2,98.66666666666667,98.73333333333333,98.53333333333333
4,96.33333333333334,96.86666666666667,96.4
6,92.26666666666668,92.86666666666665,92.06666666666668
8,77.73333333333332,90.86666666666667,89.8
10,57.60000000000001,64.86666666666667,63.06666666666666
12,26.0,5.466666666666667,0.33333333333333337
