EPC_Swap_Cost_ms,Round-Robin,Least-Queue,Spider++ (Ours)
0.0,82.4917476311132,78.40826563156077,77.91624686990467
1.0,82.49962398839638,78.40826563156077,77.91624686990467
2.0,82.51001799496818,78.40826563156077,77.91624686990467
4.0,82.64983196723243,78.40826563156077,77.91624686990467
6.0,82.75197038135343,78.40826563156077,77.91624686990467
8.0,82.85410879547447,78.40826563156077,77.91624686990467
12.0,83.04498686860872,78.40826563156077,77.91624686990467
16.0,82.60768586117358,78.40826563156077,77.91624686990467
20.0,82.65055552513003,78.40826563156077,77.91624686990467
