EPC_Swap_Cost_ms,Round-Robin,Least-Queue,Spider++ (Ours)
0.0,157.82189089456645,86.20610324138711,87.39975693849789
1.0,165.50658667894672,86.59503262200754,87.5704460562656
2.0,176.87551196007794,86.92516630339145,87.71575394707337
4.0,183.28098917562795,89.03850505727121,88.39235193381198
6.0,224.2896048506277,90.52916441741826,88.75428511493936
8.0,240.1536345419989,97.78825169130103,89.43409710096613
12.0,357.42714101828295,106.23926888288948,91.73962029981777
16.0,450.58000674906384,115.22933483027236,90.7816640903056
20.0,559.5512062514534,131.8665894310704,94.55663714758286
