Number of Attributes,Ref[4],Spider++ (Ours)
5,12.803873600114457,12.213484400399466
10,24.04742842500127,23.49957317519511
15,35.06983492525251,34.819197799879475
20,46.147783750529925,46.38231127464678
25,57.909478199962905,56.68523450003704
30,68.81491110007119,68.31100797480758
35,80.61458917472919,79.51484320010422
40,92.09235397474913,91.01257862494094
45,102.44061832527223,101.42240132518054
50,112.9095948253962,113.15548745005799
