Number of Attributes,Ref[4],Spider++ (Ours)
5,0.421799995820038,0.9266000124625862
10,0.7443000067723915,1.3789000076940283
15,1.0830999963218346,1.9661999976960942
20,1.421900000423193,2.6108000020030886
25,1.7222000024048612,3.147800001897849
30,2.0997999963583425,3.8460000068880618
35,2.3963999992702156,4.42040000052657
40,2.7125000051455572,4.986200001440011
45,3.0368000007001683,5.531600007088855
50,3.378400011570193,5.994999999529682
