Number of Attributes,Ref[4],Spider++ (Ours)
5,0.45349998981691897,1.0673999931896105
10,0.8258000016212463,1.566799997817725
15,1.125000009778887,2.190400002291426
20,1.4531999913742766,2.811500002280809
25,1.9927999965148047,3.668899997137487
30,2.1948000066913664,4.259000008460134
35,2.5868000084301457,4.826200005481951
40,3.0306000116979703,5.475099998875521
45,3.3771000016713515,6.316400002106093
50,3.53729999915231,6.489200008218177
