Num_Enclaves,Round-Robin,Least-Queue,Spider++ (Ours)
2,41182.42921153309,40519.850856637735,39505.520525854095
4,10910.566581484007,10474.366704150423,10250.666810376742
8,1321.1508851986641,991.2182361621419,1084.286108533351
16,70.2879884219233,53.17149539899795,54.20867187299009
24,71.89398145226453,51.09233788203635,51.01141483307988
32,69.36887794289797,50.30803899484509,49.618629793396316
