Contention_Per_Unit_ms,Round-Robin,Least-Queue,Spider++ (Ours)
0.0,1067.0056509593137,1036.666105556936,1075.324988394588
0.25,1230.840800769903,1175.3736425550549,1220.7859234287287
0.5,1364.5742154433576,1325.4161749913862,1368.6850325205814
0.75,1527.48770889963,1468.6060597877733,1522.1951644765413
1.0,1683.7925213421593,1627.8040556079586,1687.6619547009707
1.13,1769.5186153400484,1709.2728978174912,1772.945197005988
1.5,2035.0741969129422,1944.8060927988402,2013.2252933330383
2.0,2453.502318648379,2329.4030311378738,2365.0859071485943
3.0,3258.3135621554848,3041.17257934374,3139.3981460102864
