Number of Attributes,Ref[4],Spider++ (Ours)
5,14.784187874465715,14.384834550219239
10,28.796361176136998,27.25188607510063
15,40.11984272474365,39.54725317671546
20,53.6107168012677,52.649727850803174
25,66.35262732488627,65.40859957458451
30,79.41786759984097,78.9158673494967
35,91.48297732499486,91.44663409788336
40,105.68237082479754,104.31605720004882
45,119.03849642585556,117.83754840034817
50,130.01054384985764,128.83387552428758
