Number of Attributes,Ref[4],Spider++ (Ours)
5,13.551520174587495,13.003321250107547
10,25.67847382488253,25.166037850431167
15,38.70616402491578,37.216404774881084
20,51.973714049927366,50.02003517547564
25,63.978094524281914,63.351514850364765
30,74.94736397566157,74.04351704935834
35,87.74649479983054,85.24880574950657
40,97.49820594988705,96.38753995041043
45,110.40403192509984,110.67974035067891
50,126.68970565064228,122.46853229935368
