Number of Attributes,Ref[4],Spider++ (Ours)
5,0.5372000014176592,1.0463000071467832
10,0.8298000029753894,1.6752999945310876
15,1.1516000085975975,2.1861999994143844
20,1.4793000009376556,2.9826999962097034
25,2.010399999562651,3.7469999952008948
30,2.33650000882335,4.199699993478134
35,2.623499996843748,5.000799996196292
40,3.0411000043386593,5.343099997844547
45,3.204399996320717,5.912700013141148
50,3.6191000108374283,6.919999999809079
