Number of Attributes,Ref[4],Spider++ (Ours)
5,33.488142500209506,33.4168649991625
10,66.34732000056829,71.32329249834584
15,100.6037125011062,112.37072749936488
20,140.74574499973096,140.84385499954806
25,177.61105000136013,177.21252249866666
30,208.86375500231225,213.83421499958786
35,244.9950299989723,259.6324799989816
40,285.1588625006116,293.86112250031147
45,327.1206274999713,322.42704249874805
50,369.60171250102576,383.59592750020965
