Failure Rate (%),No Delegation,Simple Retry / Reassignment,Spider++ (Ours)
5,99.23436524081981,51.76663182253864,42.00838658634258
10,149.3578125858406,74.02719073556119,50.34117996863379
15,233.0971161633473,108.72635702779422,70.14816856292106
20,288.0154661182674,133.5958820888431,87.17301249338018
25,401.2001773656618,173.14613210137526,107.58974970693767
30,537.4062683345709,221.30591018904664,105.15189142672436
35,636.024095999421,215.97802897551975,132.61080232726866
40,892.4759947191259,297.6040092005985,177.872692195674
