Number of Attributes,Ref[4],Spider++ (Ours)
5,0.4804660056834109,0.9097220026887953
10,0.8200020020012744,1.4129070041235536
15,1.1479239983600564,2.0149839983787388
20,1.4768640030524693,2.5793519962462597
25,1.843086000008043,3.1877790024736896
30,2.1912739975959994,3.7219750010990538
35,2.5553619998390786,4.350827999587636
40,2.944357998785563,4.878127001575194
45,3.194126002199482,5.628366001474205
50,3.6211420010658912,6.067852002161089
