Number of Attributes,Ref[4],Spider++ (Ours)
5,0.6198030023369938,1.2498819996835664
10,1.0846540099009871,1.8376679945504293
15,1.5630130073986948,2.640134989633225
20,2.1722269884776324,3.6780590016860515
25,2.580146989203058,4.375285992864519
30,2.9513879999285564,5.148234005901031
35,3.4941150079248473,5.936828994890675
40,3.6490750062512234,6.686437991447747
45,4.309355994337238,7.5659850117517635
50,4.6441629965556785,8.306409989017993
