Number of Tasks per Node,Round-Robin,Least-Queue,Spider++ (Ours)
50,50.133285244495546,48.17700872991342,48.289249079588075
100,50.984751478753765,49.78434280940265,49.047991500192666
150,51.991620495649876,49.721900478136654,49.73448456830616
200,52.91234668160353,52.23677379291357,50.24402803174732
250,51.74759902074473,50.2407120204953,49.66000092452836
300,51.27843744744915,49.098120151208214,49.26115705070744
