Number of Tasks per Node,Round-Robin,Least-Queue,Spider++ (Ours)
50,37.17698719454005,34.10347824298044,34.690103976650185
100,38.592679348791044,34.615704916709014,34.58197119220868
150,38.50884774975285,34.8872267912747,34.98210062783908
200,40.02866180372836,36.0856275627906,35.309086628524774
250,38.00677442627936,35.52686829788932,35.098656337803654
300,38.402865724591024,35.15365951698685,35.13875592259655
