Number of Attributes,Ref[4],Spider++ (Ours)
5,0.5958479960099794,1.1000990052707493
10,0.9376929956488311,1.6432129996246658
15,1.3294949967530556,2.4098960057017393
20,1.711151002382394,2.971531997900456
25,2.205063996370882,3.6091580041102134
30,2.7041819994337857,4.346264999185223
35,3.249164998123888,5.106017000798602
40,3.590694999729749,5.724003996874671
45,3.891303000273183,6.4329020024160855
50,4.416728996147867,7.106449993443675
