Number of Attributes,Ref[4],Spider++ (Ours)
5,16.628910749932402,15.999349275080021
10,30.391130075440742,30.259224949986674
15,45.430134825073765,43.59490895149065
20,59.06656665065384,59.73702765077178
25,73.34472627480864,72.93902755081945
30,89.06027554949105,87.74557867618569
35,99.74853597595938,103.45140072495269
40,117.02515784854768,117.1664956247696
45,130.43086100005894,128.85772620065836
50,147.46585924876854,145.61532112602436
