Num_Enclaves,Round-Robin,Least-Queue,Spider++ (Ours)
2,18690.66560735771,18443.98909836107,18142.17899456829
4,5374.421547982774,5181.0859398938655,5053.171342425298
6,2135.387825597407,2044.90167805368,2012.4150618335855
8,999.9166215051606,917.7743760749714,920.3726362887128
10,513.1888746248071,326.7469474104986,346.24650438695187
12,142.6977133350623,56.686795060579506,58.56409552139307
