Num_Enclaves,Round-Robin,Least-Queue,Spider++ (Ours)
2,98.9,98.98,98.9
4,97.48,97.69999999999999,97.5
8,64.68,80.44000000000001,83.49999999999999
16,7.82,3.4799999999999995,0.9199999999999999
24,5.880000000000001,3.8800000000000003,0.1
32,6.9,6.8,0.0
