Number of Attributes,Ref[4],Spider++ (Ours)
5,0.5980770001769997,1.4444599946727976
10,0.9767960000317544,1.921658003993798
15,1.3998840004205704,2.3077629957697354
20,1.8137199949705973,3.2169539990718476
25,2.1026149988756515,3.853212998365052
30,2.6742050031316467,4.504402000748087
35,3.126873001747299,5.294561000482645
40,3.7035040004411712,6.7294370019226335
45,4.1267019987571985,7.2401830038870685
50,4.327434995502699,7.508948998292908
