Number of Attributes,Ref[4],Spider++ (Ours)
5,14.556254999843077,14.707032499063644
10,26.666025000304217,27.17174499957764
15,42.67301250001765,41.77122499932011
20,55.19478500027617,56.64279000011447
25,65.78988250112161,65.66182000096887
30,86.42741499897966,77.46084000136761
35,91.80302000058873,89.51658500045596
40,108.68248499828042,108.86876249969646
45,130.97706750086218,125.53359000085038
50,142.70914499829814,138.99888999876566
