Contention_Per_Unit_ms,Round-Robin,Least-Queue,Spider++ (Ours)
0.0,619.9783078434122,128.9094204613275,99.03137513283399
0.25,792.3611287521458,148.15398255027694,251.37808077870127
0.5,846.1708483583028,133.86363817246306,113.14825346492911
0.75,899.7891285331108,133.47414482688802,195.5730881199797
1.0,931.7252404788563,146.4376907128976,130.60931700471545
1.13,958.282121463768,189.03451670305,139.7851788192842
1.5,1233.9185562077662,194.63980590922122,262.8747234547368
2.0,1310.0940886112758,339.69647032739385,812.6234054098486
3.0,1857.3358373542087,692.2732305161157,752.1362144960307
