Num_Enclaves,Round-Robin,Least-Queue,Spider++ (Ours)
2,98.13333333333335,97.93333333333335,97.86666666666667
4,82.93333333333334,91.13333333333333,90.86666666666667
6,25.8,12.866666666666665,22.8
8,21.46666666666666,10.2,1.4000000000000001
10,9.933333333333334,1.2,0.06666666666666668
12,11.666666666666663,5.7333333333333325,0.0
