Contention_Per_Unit_ms,Round-Robin,Least-Queue,Spider++ (Ours)
0.0,80.60670730632997,76.7003588063093,76.2393721880772
0.25,81.04259280631037,77.04489340160796,75.45796685689787
0.5,81.58779932681844,77.17592822923544,75.91989449100943
0.75,82.0935218215816,77.51519047546142,76.8732689371032
1.0,82.59924431634482,78.01953696052792,77.31522554347687
1.13,82.86222001362165,78.40826563156077,77.91624686990467
1.5,83.81665696369869,78.64621540125877,77.89708857956361
2.0,84.44052284092865,79.35161572425999,78.59907344648501
3.0,89.40589563822179,80.5369360813608,79.98839546836491
