Number of Tasks per Node,Round-Robin,Least-Queue,Spider++ (Ours)
50,181.80247532347911,111.91412020655751,117.89487843387508
100,1324.5023701856505,1258.0963981442321,1119.1407233248212
150,1522.6765356267538,1272.0497172833752,1264.1517133683058
200,2641.582459393715,2591.953581807313,2625.418986129304
250,3881.2277759841186,4008.791594838762,3456.2909685106115
300,4874.497229228576,4994.706013583668,4944.429659943684
