Failure Rate (%),No Delegation,Simple Retry / Reassignment,Spider++ Secure Task Delegation (Ours)
5,309.8008037977716,215.02909348134764,112.16114594093709
10,459.09834164835576,315.9445284317195,123.6386810910345
15,607.5691068547,408.5263946919768,150.72168664154535
20,752.0295180967163,475.0032540387431,166.82056598352773
25,947.9934044203706,573.9914015014133,184.80848898108965
30,1099.199056305217,662.6854597007576,218.35644158706756
35,1294.954862268864,772.4848547139526,218.35644158706756
40,1538.1005563825015,829.0011309451759,251.88097823547045
