Failure Rate (%),No Delegation,Simple Retry / Reassignment,Spider++ Secure Task Delegation (Ours)
5,105.50283494247978,56.511045906772324,38.63139681691874
10,172.84390592241158,77.70952783343455,46.4009628541428
15,236.54197781915735,109.6842038834939,48.94980258073401
20,295.77393981771945,138.75273784149954,63.30892959783114
25,442.9171295608706,172.52279985426566,70.605434063296
30,511.7613841783176,216.4443651405364,110.03320356289234
35,681.7130514707812,288.47777415054577,95.53396778047228
40,900.857043764651,280.47653615537183,145.87615556684025
