Number of Fog Nodes,Ref[22],Ref[37],Ref[39],Spider++ (Ours)
2,1145.4700171282675,1051.0649381664277,1040.9006492485648,1047.9010105622556
4,435.165118488497,355.87016710433875,353.1809857423236,356.90011205144134
6,303.9278041463638,249.08629866774595,246.38234658817984,248.81767770853693
8,186.14494301786868,160.0195953602464,158.53869184760418,160.28207284618938
10,139.49678510837498,123.15694709444631,121.8073831087898,121.73838342900179
12,126.72988545595595,108.02498957458872,106.33986967829067,108.89706087969185
