Number of Attributes,Ref[4],Spider++ (Ours)
5,14.6748131750428,13.975619475604617
10,28.005748225041316,26.866867825265217
15,40.04049847480928,39.509634974638175
20,53.30907757524983,52.47325989876117
25,67.01877867490111,65.61139732548327
30,78.96395649968326,77.82732929990743
35,92.8604401749908,91.14238357415161
40,104.19456010058639,104.05788212465268
45,119.0813466997497,117.1192419498766
50,132.34010685100657,130.1308202497239
