Number of Attributes,Ref[4],Spider++ (Ours)
5,32.37976554992201,38.52501834917348
10,60.764655499588116,67.09211497491196
15,97.72606467540754,100.36999474959885
20,129.50724134952907,133.21428180061048
25,164.98332259980089,168.41500212449318
30,223.6883190493245,206.34206767481373
35,234.14704107417492,241.74293482501525
40,288.2675441494939,282.09544490000553
45,307.432114925723,319.2519412497859
50,369.5727296251789,353.069705949747
