Number of Attributes,Ref[4],Spider++ (Ours)
5,0.480404996778816,1.1840270017273724
10,0.8126149987219833,1.6973230012808926
15,1.2005570024484769,2.1766680001746863
20,1.5413299988722429,2.978423006425146
25,1.8221200007246807,3.5305019991938025
30,2.5640180028858595,4.363042993645649
35,2.507611003238708,5.193549004616216
40,2.9927169962320477,6.2601340032415465
45,3.17045900010271,7.0412349959951825
50,3.7002629978815094,6.37476999690989
