Number of Attributes,Ref[4],Spider++ (Ours)
5,32.69053990152315,32.336894723630394
10,63.60097274919099,64.72296959873347
15,181.0598651984037,342.944513225666
20,253.50124232500093,381.86890655124444
25,289.91868162411265,268.0927055749635
30,283.17846590034605,480.54036070025177
35,359.0118345742667,483.1450002751808
40,335.2682460754295,488.36567894977634
45,471.9846709002013,526.7541428998811
50,557.3967821248516,541.5885547750804
