Num_Enclaves,Round-Robin,Least-Queue,Spider++ (Ours)
2,23825.30641220697,23498.811165082472,23362.580429747508
4,7796.3932863561,7688.026565219887,7518.546543158937
6,3637.2481254753975,3606.8278810503484,3534.7076968825627
8,1969.888578832401,2092.4255338649614,2049.680292353768
10,1052.182542596131,952.2279984476081,917.4369818873149
12,345.41416523996065,61.48453515677071,62.118820698805415
