Number of Tasks per Node,Round-Robin,Least-Queue,Spider++ (Ours)
50,551.841726116888,506.4456335457783,536.027282359419
100,1195.146556346862,1206.0457299141467,1177.6641635028598
150,1801.0344475794004,1761.205338969034,1782.6689434237258
200,2427.24356061462,2429.950170329186,2388.4938039437225
250,3043.3829120950713,3051.883733090305,2987.5618763214034
300,3654.3509192485308,3630.8935234884225,3586.440180945397
