Number of Attributes,Ref[4],Spider++ (Ours)
5,40.30306142340123,41.25879797429661
10,75.25221262476407,81.04072822352464
15,112.28235679845966,118.412112376609
20,149.8835437480011,155.41457942490524
25,188.89121552747383,197.1331604752777
30,230.09123305128014,237.49664300121367
35,272.0569224507926,280.542361325206
40,324.01781714979734,333.72502170059306
45,368.3992275753553,367.0073469984345
50,413.0524896499992,477.95296004951524
