Number of Attributes,Ref[4],Spider++ (Ours)
5,33.931154899710236,36.10908670070785
10,70.08910165031921,70.62531147512345
15,120.68015142494914,112.69570037511585
20,144.53116657487044,145.05581184967014
25,180.430313324905,193.4018847254265
30,203.86852422479933,213.16975962536162
35,231.9583835746016,240.9102654999515
40,271.30371980001655,269.5582624749477
45,340.8125423250567,324.1987220998453
50,370.53601757461365,393.3299050250753
