Contention_Per_Unit_ms,Round-Robin,Least-Queue,Spider++ (Ours)
0.0,2780.3282647064893,2721.862628727802,2751.8596798258486
0.25,3792.001066646255,3653.128140549132,3705.5515562115834
0.5,4820.048320025841,4680.608040472124,4740.683192422506
0.75,5966.939897318587,5735.05977881678,5861.578927281785
1.0,7130.892815591253,6852.5379543604495,7016.549776065655
1.13,7755.928787774439,7463.7990378751165,7627.09702509568
1.5,9654.40454695044,9241.608276089444,9422.199150919898
2.0,12429.371288032753,11865.080367907292,11956.34378685937
3.0,18024.51176082756,17071.095616223345,17369.670591200036
