Num_Enclaves,Round-Robin,Least-Queue,Spider++ (Ours)
2,98.33333333333334,98.46666666666665,98.2
4,96.30000000000001,96.63333333333334,96.4
6,91.96666666666667,92.93333333333331,92.6
8,73.36666666666667,84.06666666666666,85.26666666666667
10,49.099999999999994,45.833333333333336,46.89999999999999
12,17.333333333333336,2.8000000000000003,4.133333333333334
