Number of Tasks per Node,Round-Robin,Least-Queue,Spider++ (Ours)
50,400.81168353789445,406.80478241727087,379.05068887139265
100,1102.9879722623386,1083.1628861669517,1058.865678798153
150,1639.131889193777,1605.2093512103274,1612.842053483596
200,2549.528430238753,2531.180472432709,2501.45487001517
250,3593.7575669589423,3597.9259884907165,3549.952041028373
300,4824.58183976637,4659.73971446257,4703.431229268682
